{"type": "FeatureCollection", "properties": {"source": "OpenStreetMap, natural=coastline", "queried_via": "overpass.openstreetmap.fr", "queried_at": "2026-09-14", "bbox": [31.6, 34.2, 32.9, 35.2], "licence": "ODbL -- (c) OpenStreetMap contributors"}, "features": [{"type": "Feature", "properties": {"osm_id": 26354986, "tags": {"natural": "coastline", "source": "PGS"}}, "geometry": {"type": "LineString", "coordinates": [[35.0561492, 32.8399903], [35.0560697, 32.8398613], [35.0560429, 32.8398253], [35.0537226, 32.8367005], [35.0531665, 32.8359516], [35.0525937, 32.8351803], [35.0521778, 32.8346201], [35.0513286, 32.8336399], [35.0508027, 32.8328502], [35.0496023, 32.8312524], [35.0480087, 32.8293703], [35.046633, 32.8278746], [35.0455208, 32.8266751], [35.0450036, 32.8262422], [35.0442024, 32.8256323], [35.0436072, 32.8252618], [35.0429186, 32.8249015]]}}, {"type": "Feature", "properties": {"osm_id": 40347497, "tags": {"natural": "coastline", "source": "PGS"}}, "geometry": {"type": "LineString", "coordinates": [[34.8288005, 32.2597146], [34.8287477, 32.2595056], [34.8281321, 32.2577732], [34.8277387, 32.2566662], [34.827418, 32.2557636], [34.8273837, 32.2556533], [34.8272631, 32.2552658], [34.8271699, 32.2547464], [34.8271425, 32.2545934], [34.8269538, 32.2535416], [34.8269035, 32.2534635], [34.8268395, 32.2533645], [34.8267728, 32.2532622], [34.8267413, 32.2531649], [34.8267185, 32.2530044], [34.8267141, 32.2528781], [34.8267148, 32.252663], [34.8266711, 32.2523507], [34.8266232, 32.252151], [34.8265441, 32.252011], [34.8264231, 32.2518915], [34.8263382, 32.2516594], [34.8263004, 32.2514785], [34.8262991, 32.2513641], [34.826265, 32.2512975], [34.826237, 32.2511013], [34.8261867, 32.2509502], [34.8261777, 32.2508303], [34.8261146, 32.2506646], [34.8260649, 32.2505305], [34.8260179, 32.2502739], [34.8259358, 32.2500894], [34.8258114, 32.249746], [34.8257117, 32.2494831], [34.8255377, 32.2490102], [34.8255064, 32.2488703], [34.8254204, 32.2485882], [34.8253901, 32.2485154], [34.8253599, 32.2483831], [34.8253509, 32.2482657], [34.8252704, 32.2480726], [34.8251881, 32.2478794], [34.8250631, 32.2475926], [34.8250056, 32.2472033], [34.8249443, 32.2469455], [34.8249305, 32.2467605], [34.8248994, 32.2465301], [34.8248043, 32.2462879], [34.8247768, 32.2461794], [34.8247344, 32.2461077], [34.8246427, 32.245875], [34.824618, 32.2457276], [34.8245529, 32.2454368], [34.8244773, 32.2452336], [34.8244505, 32.2450346], [34.824384, 32.2447737], [34.8242066, 32.2443883], [34.8241416, 32.2441182], [34.8241083, 32.2439862], [34.8240661, 32.2438531], [34.8240124, 32.2437043], [34.8239767, 32.2434644], [34.8238875, 32.2431923], [34.8238812, 32.2430875], [34.8235926, 32.2423074], [34.8234299, 32.2419004], [34.8233365, 32.2417212], [34.8232281, 32.2413877], [34.823107, 32.2411357], [34.8230266, 32.2409098], [34.8229927, 32.2407352], [34.8228622, 32.240376], [34.8228329, 32.2401813], [34.8228029, 32.2399977], [34.8226983, 32.2398443], [34.8226784, 32.2396466], [34.8225983, 32.2393239], [34.822462, 32.2390607], [34.8223831, 32.2388433], [34.8223021, 32.2386751], [34.8222811, 32.2385513], [34.8222222, 32.2384642], [34.8221678, 32.2383244], [34.8221068, 32.2381555], [34.8220243, 32.2378824], [34.8218655, 32.2376302], [34.821818, 32.2373429], [34.8217667, 32.2371578], [34.8216937, 32.2370174], [34.821625, 32.2368204], [34.821587, 32.2366894], [34.821513, 32.2364748], [34.8214266, 32.2362497], [34.8214255, 32.2361151], [34.8214089, 32.2359806], [34.8212873, 32.2356998], [34.82127, 32.2355459], [34.8212266, 32.2354385], [34.8211893, 32.2353414], [34.8211953, 32.2352405], [34.8212104, 32.2351655], [34.8212175, 32.2350794], [34.8211923, 32.2349908], [34.8211223, 32.2348149], [34.8210376, 32.2346712], [34.8208953, 32.2345367], [34.8207668, 32.2344371], [34.8207548, 32.2343848], [34.8207826, 32.2342912], [34.8208038, 32.2341835], [34.8207431, 32.2340761], [34.8207885, 32.2339829], [34.8208118, 32.2338374], [34.8208012, 32.2336588], [34.8207574, 32.2334586], [34.8206942, 32.2332841], [34.8206525, 32.2331969], [34.8205896, 32.23304], [34.8204962, 32.2328088], [34.8195701, 32.2305672], [34.8193735, 32.2302182], [34.8193559, 32.2298524], [34.8193113, 32.2294931], [34.8191898, 32.2289497], [34.8190253, 32.2284457], [34.8188831, 32.2281842], [34.8187409, 32.2279467], [34.8186148, 32.2275488], [34.8185383, 32.227237], [34.8184416, 32.2270038], [34.8183868, 32.2267408], [34.8182485, 32.2263891], [34.8182154, 32.2261672], [34.8180338, 32.2258086], [34.8177707, 32.2248616], [34.8174703, 32.223923], [34.8170289, 32.2228836], [34.8169396, 32.2226906], [34.8169408, 32.2223445], [34.8167817, 32.2218775], [34.8165084, 32.2211751], [34.8163454, 32.2209834], [34.8162269, 32.2206237], [34.8160931, 32.2202025], [34.8159531, 32.2199127], [34.8157672, 32.2195141], [34.8153461, 32.2187254], [34.8153895, 32.2185122], [34.8153041, 32.2182347], [34.8151085, 32.2179459], [34.8147659, 32.2172787], [34.814717, 32.2169738], [34.8144613, 32.216517], [34.8144651, 32.2162634], [34.8144239, 32.2160304], [34.8142725, 32.2157975], [34.8142406, 32.2155793], [34.8140331, 32.2151892], [34.8139887, 32.2146659], [34.8122999, 32.2101447], [34.8118883, 32.2091923], [34.8109434, 32.2071469], [34.8093027, 32.2021723], [34.8092686, 32.2021074]]}}, {"type": "Feature", "properties": {"osm_id": 93436081, "tags": {"alt_name:en": "Octopus Island", "name": "\u05d0\u05d9 \u05ea\u05de\u05e0\u05d5\u05df", "name:en": "Tmanun Island", "name:he": "\u05d0\u05d9 \u05ea\u05de\u05e0\u05d5\u05df", "natural": "coastline", "place": "island", "wikidata": "Q26766950"}}, "geometry": {"type": "LineString", "coordinates": [[34.9255907, 32.6776414], [34.9255532, 32.6775466], [34.9254834, 32.6775421], [34.9254566, 32.6774969], [34.9254566, 32.6774563], [34.9255532, 32.6774563], [34.9256175, 32.6773886], [34.925757, 32.6773931], [34.9259179, 32.6774247], [34.9260306, 32.6775105], [34.9259501, 32.6775421], [34.9259716, 32.6775918], [34.9258384, 32.6776251], [34.9257355, 32.677664], [34.9255907, 32.6776414]]}}, {"type": "Feature", "properties": {"osm_id": 93455391, "tags": {"name": "\u05d0\u05d9 \u05d8\u05e4\u05ea", "name:en": "Tafat Island", "name:he": "\u05d0\u05d9 \u05d8\u05e4\u05ea", "natural": "coastline", "place": "islet", "wikidata": "Q26771083"}}, "geometry": {"type": "LineString", "coordinates": [[34.9144648, 32.6081281], [34.9142288, 32.6079338], [34.9141752, 32.6078389], [34.9141752, 32.6077123], [34.914202, 32.6076445], [34.9141859, 32.6074954], [34.9143415, 32.6074909], [34.9145936, 32.6076491], [34.9148189, 32.6076491], [34.9148135, 32.6075813], [34.9149262, 32.6074593], [34.9149262, 32.6073915], [34.9150978, 32.607274], [34.9152266, 32.607274], [34.9153875, 32.6074276], [34.915409, 32.6075135], [34.9153875, 32.6075677], [34.9153285, 32.6076039], [34.915189, 32.6075858], [34.914953, 32.6079563], [34.9148135, 32.6079789], [34.9147599, 32.6081235], [34.914556, 32.60811], [34.9144648, 32.6081281]]}}, {"type": "Feature", "properties": {"osm_id": 93455392, "tags": {"name": "\u05d0\u05d9 \u05d3\u05d5\u05e8", "name:en": "Dor Island", "name:he": "\u05d0\u05d9 \u05d3\u05d5\u05e8", "natural": "coastline", "place": "islet", "wikidata": "Q26771082"}}, "geometry": {"type": "LineString", "coordinates": [[34.9139499, 32.6103423], [34.9137299, 32.6103106], [34.9137353, 32.6102203], [34.9138372, 32.6101796], [34.9137085, 32.6100305], [34.9137621, 32.6099898], [34.9137353, 32.6098859], [34.913864, 32.6097774], [34.9138694, 32.6096871], [34.913805, 32.6096374], [34.9138211, 32.6095515], [34.9137192, 32.6094159], [34.9138372, 32.609321], [34.9138587, 32.6092533], [34.9138265, 32.6091855], [34.9137353, 32.6091493], [34.9136924, 32.6090589], [34.9135636, 32.6090183], [34.9135904, 32.6089008], [34.913569, 32.6088014], [34.9134617, 32.6087697], [34.9133544, 32.6086568], [34.9134402, 32.6085845], [34.9133651, 32.6084715], [34.9134563, 32.6084128], [34.9136012, 32.6084308], [34.9136977, 32.6084082], [34.9137406, 32.608354], [34.9138694, 32.6083359], [34.914025, 32.6083676], [34.9141322, 32.6082772], [34.9142395, 32.6082772], [34.9144327, 32.6083179], [34.9146633, 32.608589], [34.9147277, 32.6087833], [34.9147384, 32.6088963], [34.9150442, 32.6090002], [34.9150227, 32.6092352], [34.9149423, 32.6093753], [34.914835, 32.6094476], [34.9146901, 32.6094476], [34.9146258, 32.6094973], [34.9146901, 32.6096102], [34.9145775, 32.6098091], [34.9144541, 32.6098904], [34.9143146, 32.6099401], [34.9141483, 32.6099175], [34.9140732, 32.610157], [34.9139499, 32.6103423]]}}, {"type": "Feature", "properties": {"osm_id": 93455393, "tags": {"name": "\u05d0\u05d9 \u05d7\u05d5\u05e4\u05de\u05d9", "name:en": "Hofami Island", "name:he": "\u05d0\u05d9 \u05d7\u05d5\u05e4\u05de\u05d9", "natural": "coastline", "place": "islet", "wikidata": "Q26766970"}}, "geometry": {"type": "LineString", "coordinates": [[34.9142932, 32.6061081], [34.9141001, 32.605959], [34.9139606, 32.605968], [34.9139606, 32.6058189], [34.9140464, 32.6056336], [34.9142288, 32.6055387], [34.91432, 32.6055297], [34.9146204, 32.6055297], [34.9146311, 32.6055975], [34.9147974, 32.6056336], [34.9149423, 32.6057827], [34.9149852, 32.6059499], [34.9148833, 32.6060539], [34.9144112, 32.6061352], [34.9142932, 32.6061081]]}}, {"type": "Feature", "properties": {"osm_id": 93455394, "tags": {"name": "\u05d0\u05d9 \u05e9\u05d7\u05e4\u05d9\u05ea", "name:en": "Shahafit Island", "name:he": "\u05d0\u05d9 \u05e9\u05d7\u05e4\u05d9\u05ea", "natural": "coastline", "place": "islet", "wikidata": "Q26766971"}}, "geometry": {"type": "LineString", "coordinates": [[34.9147277, 32.6120323], [34.9147277, 32.61196], [34.9148296, 32.6119419], [34.9148886, 32.6118515], [34.9148511, 32.6117928], [34.9147009, 32.6117837], [34.9145989, 32.611725], [34.9146419, 32.6117114], [34.9146097, 32.6116256], [34.9145399, 32.6115714], [34.914379, 32.6115352], [34.9142824, 32.6115307], [34.9141698, 32.611472], [34.9141322, 32.6113635], [34.9140571, 32.6113183], [34.9140035, 32.6110969], [34.9138533, 32.6109388], [34.9137889, 32.6109388], [34.9137138, 32.6109252], [34.9137567, 32.61088], [34.9137299, 32.6107761], [34.913746, 32.6106993], [34.9138104, 32.6106405], [34.9139177, 32.6105818], [34.9140357, 32.6105547], [34.9141859, 32.6105863], [34.9142932, 32.6105998], [34.9143844, 32.6105727], [34.9145614, 32.610636], [34.9144648, 32.6107038], [34.9146526, 32.6107716], [34.9147599, 32.6108303], [34.9147331, 32.610889], [34.9148779, 32.6110562], [34.9150174, 32.6111331], [34.9150603, 32.6112325], [34.9151515, 32.6118335], [34.9151139, 32.6119374], [34.9150442, 32.611978], [34.9151944, 32.6121362], [34.9151086, 32.6121769], [34.9150657, 32.6121046], [34.9149852, 32.6120775], [34.914894, 32.6120775], [34.9147599, 32.6120955], [34.9147277, 32.6120323]]}}, {"type": "Feature", "properties": {"osm_id": 94532002, "tags": {"natural": "coastline", "place": "island"}}, "geometry": {"type": "LineString", "coordinates": [[34.9035281, 32.5567517], [34.9035777, 32.5568641], [34.9035625, 32.5569843], [34.9034227, 32.5570198], [34.9032417, 32.5569822], [34.9032066, 32.5568315], [34.9033624, 32.5567111], [34.9035281, 32.5567517]]}}, {"type": "Feature", "properties": {"osm_id": 94532003, "tags": {"natural": "coastline", "place": "island"}}, "geometry": {"type": "LineString", "coordinates": [[34.9015527, 32.5538988], [34.9013704, 32.5536863], [34.901188, 32.5536591], [34.9010378, 32.5535325], [34.9010109, 32.5533245], [34.9010056, 32.5532296], [34.9010914, 32.5531934], [34.9011826, 32.5531844], [34.9013757, 32.5533879], [34.9015474, 32.5534873], [34.901601, 32.5537044], [34.9016493, 32.55384], [34.9015527, 32.5538988]]}}, {"type": "Feature", "properties": {"osm_id": 94532005, "tags": {"natural": "coastline", "place": "island"}}, "geometry": {"type": "LineString", "coordinates": [[34.9027597, 32.5558883], [34.9028295, 32.5559651], [34.9029582, 32.5559742], [34.902926, 32.5560782], [34.9024701, 32.5562633], [34.9022823, 32.5562091], [34.9022287, 32.5560782], [34.9022877, 32.5559561], [34.9024915, 32.555929], [34.9025344, 32.5559606], [34.9025988, 32.5558973], [34.9027597, 32.5558883]]}}, {"type": "Feature", "properties": {"osm_id": 94532008, "tags": {"alt_name": "Jazirat al Hamam", "gns_ref": "-781787", "name": "\u05d0\u05d9 \u05d9\u05d5\u05e0\u05d9\u05dd", "name:en": "Pigeon Island", "name:he": "\u05d0\u05d9 \u05d9\u05d5\u05e0\u05d9\u05dd", "natural": "coastline", "place": "island", "source": "GEOnet Names Server (gns)", "wikidata": "Q26762132"}}, "geometry": {"type": "LineString", "coordinates": [[34.902336, 32.5554813], [34.9021697, 32.5554587], [34.9020677, 32.5553186], [34.9020355, 32.5551332], [34.9021226, 32.5550143], [34.9023145, 32.554993], [34.9024808, 32.5550021], [34.902608, 32.5550098], [34.9029958, 32.5552417], [34.9030682, 32.5553679], [34.9030334, 32.5554577], [34.9028831, 32.5554723], [34.9025988, 32.555522], [34.902336, 32.5554813]]}}, {"type": "Feature", "properties": {"osm_id": 95211620, "tags": {"natural": "coastline", "source": "PGS"}}, "geometry": {"type": "LineString", "coordinates": [[34.6075802, 31.7566621], [34.5992571, 31.7441066], [34.5989482, 31.7436093], [34.5988329, 31.7434238], [34.598728, 31.743255], [34.5972552, 31.740884], [34.5901713, 31.7294802], [34.5842003, 31.7198667], [34.5815723, 31.7156351], [34.5814475, 31.7154343]]}}, {"type": "Feature", "properties": {"osm_id": 95211625, "tags": {"natural": "coastline", "source": "PGS"}}, "geometry": {"type": "LineString", "coordinates": [[34.5145477, 31.627754], [34.5142833, 31.627189], [34.5077616, 31.6178924], [34.505094, 31.6143079], [34.5020279, 31.6093127], [34.4953618, 31.6015935], [34.4917704, 31.5960533], [34.4912788, 31.5957984], [34.4906357, 31.5962613], [34.4904212, 31.596349], [34.4902439, 31.5961771], [34.4902581, 31.5960071], [34.4906212, 31.5957204], [34.491175, 31.59535]]}}, {"type": "Feature", "properties": {"osm_id": 95211626, "tags": {"natural": "coastline", "source": "PGS"}}, "geometry": {"type": "LineString", "coordinates": [[34.5814475, 31.7154343], [34.5814072, 31.7153693], [34.5673085, 31.6948953], [34.5667788, 31.6942362], [34.5659186, 31.6926795], [34.5649074, 31.6910358], [34.5633103, 31.6887632], [34.5629275, 31.688422], [34.5626761, 31.688231], [34.5622912, 31.6881194], [34.5620401, 31.6881313], [34.5617696, 31.6881785], [34.5615766, 31.6882869], [34.5616704, 31.688415], [34.5618506, 31.6886211], [34.5619445, 31.6887794], [34.5618895, 31.6888597], [34.5617935, 31.6888855], [34.5616642, 31.6888437], [34.561527, 31.6886135], [34.5611664, 31.6881868], [34.5610539, 31.6880755], [34.5610696, 31.6879521], [34.5611524, 31.6879032], [34.5612992, 31.6879208], [34.5615266, 31.6882186], [34.5616505, 31.6881337], [34.5618361, 31.6879926], [34.5620216, 31.687833], [34.5620327, 31.6877023], [34.5620381, 31.6874737], [34.561952, 31.6871957], [34.5616981, 31.6868698], [34.5613496, 31.6867649], [34.5609548, 31.686793], [34.5606943, 31.6869249], [34.5606345, 31.6868272], [34.560816, 31.6866512], [34.5609557, 31.68633], [34.5610029, 31.6860049], [34.5609063, 31.685729], [34.5606244, 31.6854737], [34.5604541, 31.685394], [34.560292, 31.6853454], [34.5601681, 31.6853282], [34.5599538, 31.6853508], [34.5597417, 31.6854373], [34.5595492, 31.6855392], [34.5597132, 31.6853509], [34.5597981, 31.685188], [34.5598394, 31.6849127], [34.5597513, 31.6846755], [34.5596446, 31.6845193], [34.5592806, 31.6842844], [34.5583384, 31.6837161], [34.5580366, 31.6834565]]}}, {"type": "Feature", "properties": {"osm_id": 95514131, "tags": {"natural": "coastline", "source": "PGS"}}, "geometry": {"type": "LineString", "coordinates": [[34.6140893, 31.7683082], [34.6101317, 31.7612257]]}}, {"type": "Feature", "properties": {"osm_id": 95555680, "tags": {"natural": "coastline", "source": "PGS"}}, "geometry": {"type": "LineString", "coordinates": [[34.6764925, 31.8861457], [34.6764315, 31.886019], [34.6732343, 31.8790287], [34.6647967, 31.8618444]]}}, {"type": "Feature", "properties": {"osm_id": 95557458, "tags": {"natural": "coastline", "source": "PGS"}}, "geometry": {"type": "LineString", "coordinates": [[34.7123712, 31.9529774], [34.7103835, 31.9482375], [34.7084105, 31.9435331], [34.7079835, 31.942515], [34.7044795, 31.9357596], [34.7040982, 31.9351721], [34.702667, 31.9341651], [34.7021738, 31.9336119], [34.7021234, 31.933395], [34.7016638, 31.9328885], [34.701266, 31.9327043], [34.7005165, 31.9324008], [34.698134, 31.9297549], [34.6983057, 31.9285894], [34.6967607, 31.9269868], [34.6957308, 31.9248014], [34.6938363, 31.9228993], [34.6935961, 31.9229134], [34.6931938, 31.9230231], [34.6931075, 31.9230059], [34.6930729, 31.9229561], [34.6930573, 31.9228772], [34.6930321, 31.9228021], [34.6929372, 31.9226755], [34.6929279, 31.9226241], [34.6929892, 31.9225889], [34.6932037, 31.9225187], [34.6932534, 31.9224862], [34.6930753, 31.9218962], [34.693033, 31.9212989], [34.6923394, 31.9198052], [34.6903175, 31.9154124], [34.6828539, 31.8993601], [34.6827263, 31.899095]]}}, {"type": "Feature", "properties": {"osm_id": 95557463, "tags": {"natural": "coastline", "source": "PGS"}}, "geometry": {"type": "LineString", "coordinates": [[34.6827263, 31.899095], [34.6764925, 31.8861457]]}}, {"type": "Feature", "properties": {"osm_id": 95792674, "tags": {"natural": "coastline", "source": "PGS"}}, "geometry": {"type": "LineString", "coordinates": [[34.7329176, 32.0036567], [34.732695, 32.0027668], [34.7321555, 32.0019258], [34.7322086, 32.0015186], [34.7319951, 32.0008781], [34.7316416, 32.0005546], [34.7314995, 31.9999168], [34.7313936, 31.9993511], [34.7309677, 31.9981245], [34.7309254, 31.9980026], [34.730565, 31.9973325], [34.7304522, 31.9967845], [34.7300074, 31.9957956], [34.7296295, 31.9947806], [34.7271837, 31.9882854], [34.7223083, 31.9766653], [34.7123712, 31.9529774]]}}, {"type": "Feature", "properties": {"osm_id": 95912704, "tags": {"natural": "coastline"}}, "geometry": {"type": "LineString", "coordinates": [[34.8539975, 32.3524564], [34.853665, 32.351064], [34.8484387, 32.3309127], [34.8482134, 32.3307405], [34.8480069, 32.3306249], [34.847693, 32.330498], [34.8473748, 32.3304125], [34.847221, 32.3303892], [34.8470278, 32.3303982], [34.8468596, 32.3304373], [34.8468162, 32.3303462], [34.8469903, 32.3303008], [34.8471539, 32.3302305], [34.8473765, 32.3301081], [34.8475562, 32.3299722], [34.8477896, 32.3297614], [34.847913, 32.3296345], [34.848036, 32.3294381], [34.8481058, 32.3292342], [34.8481433, 32.329012], [34.8481245, 32.3287763], [34.8480736, 32.3285248], [34.8479864, 32.3283378], [34.8478429, 32.3281463], [34.8476887, 32.3279887], [34.8474915, 32.3278493], [34.8473655, 32.32777], [34.847057, 32.3276], [34.8468103, 32.327498], [34.8465943, 32.327438], [34.8463905, 32.3274108], [34.8460338, 32.327404], [34.8457716, 32.3274098], [34.8457174, 32.327195], [34.8459238, 32.3271864], [34.8461249, 32.3271479], [34.8462725, 32.3270799], [34.846375, 32.327024], [34.8466024, 32.3268623], [34.8468384, 32.3266583], [34.8470208, 32.3264725], [34.8471603, 32.3263025], [34.8472359, 32.3261795], [34.8405827, 32.3003668], [34.8400938, 32.2990621], [34.8397461, 32.2983522], [34.8396762, 32.2981246], [34.8397057, 32.2977642], [34.8394993, 32.2971317], [34.839346, 32.2969434], [34.8389476, 32.2956668], [34.839008, 32.2953025], [34.8385888, 32.2943031], [34.8384223, 32.2941536], [34.8382901, 32.2937097], [34.8383374, 32.2935745], [34.8377824, 32.29187], [34.837692, 32.2912647], [34.8373912, 32.2903903], [34.8372748, 32.2899559], [34.8370982, 32.2896228], [34.8370776, 32.2891564], [34.8369338, 32.2886219], [34.8365882, 32.2879698], [34.8365314, 32.2877497], [34.8365547, 32.287582], [34.8358681, 32.2849667], [34.8358855, 32.2847094], [34.8358051, 32.284411], [34.8356061, 32.2841331], [34.8350511, 32.2819896], [34.8348612, 32.2817489], [34.8346479, 32.2811103], [34.8346194, 32.2806915], [34.8345211, 32.280295], [34.8343844, 32.2801133], [34.8342206, 32.2797845], [34.8340952, 32.2791366], [34.8341245, 32.2788369], [34.8334298, 32.2766422], [34.8332211, 32.2759827], [34.8329813, 32.275225], [34.8329297, 32.2747886], [34.8328846, 32.2744071], [34.8327992, 32.2738594], [34.8327476, 32.2735715], [34.8326924, 32.273292], [34.8324439, 32.2724303], [34.832396, 32.2722239], [34.8321801, 32.2713786], [34.8320544, 32.2708864], [34.8318151, 32.2699733], [34.8316307, 32.2692505], [34.8312599, 32.2679022], [34.8311387, 32.2674358], [34.8309253, 32.266658], [34.8306336, 32.2655459], [34.830276, 32.2645733], [34.8293809, 32.2612732]]}}, {"type": "Feature", "properties": {"osm_id": 96019185, "tags": {"natural": "coastline", "source": "PGS"}}, "geometry": {"type": "LineString", "coordinates": [[34.6101317, 31.7612257], [34.6075802, 31.7566621]]}}, {"type": "Feature", "properties": {"osm_id": 96255300, "tags": {"natural": "coastline", "source": "PGS"}}, "geometry": {"type": "LineString", "coordinates": [[35.0676592, 32.8619363], [35.0665205, 32.8593122], [35.0664803, 32.8592052], [35.0661277, 32.8585502], [35.0645223, 32.8549784], [35.0608172, 32.8480015], [35.0600059, 32.8464737], [35.0591103, 32.844787], [35.0585434, 32.8438749], [35.0561492, 32.8399903]]}}, {"type": "Feature", "properties": {"osm_id": 96678986, "tags": {"natural": "coastline", "source": "PGS"}}, "geometry": {"type": "LineString", "coordinates": [[35.0769365, 32.8877228], [35.0760163, 32.8843451], [35.0737413, 32.8782145], [35.0676592, 32.8619363]]}}, {"type": "Feature", "properties": {"osm_id": 96738333, "tags": {"natural": "coastline", "source": "PGS"}}, "geometry": {"type": "LineString", "coordinates": [[34.8855808, 32.4768605], [34.8845066, 32.4739241], [34.88418, 32.4730673], [34.8828, 32.4734004], [34.8822043, 32.4735244], [34.8813637, 32.4733854], [34.8812091, 32.4733065], [34.8811373, 32.4731959], [34.881191, 32.4730368], [34.8813409, 32.4730074], [34.881501, 32.4730357], [34.8817521, 32.4731334], [34.8819408, 32.4731413], [34.8820327, 32.4731452], [34.8822488, 32.4730014], [34.8822416, 32.4728295], [34.8820983, 32.4722787], [34.8821769, 32.4722098], [34.8824476, 32.4722176], [34.882572, 32.4723065], [34.8827313, 32.4722789], [34.8828416, 32.4728021], [34.8852397, 32.4723393], [34.8849731, 32.4713342], [34.8850622, 32.4712373], [34.8850566, 32.4711083], [34.8849415, 32.4709696], [34.8848954, 32.4706827], [34.8844488, 32.4696332], [34.884363, 32.4688561], [34.8842151, 32.4685083], [34.8838321, 32.468117], [34.8836988, 32.4678959], [34.8835735, 32.4678247], [34.8833241, 32.467683], [34.8829854, 32.4676314], [34.8814106, 32.4679801], [34.8811378, 32.4680197], [34.8809034, 32.4683996], [34.8805, 32.4700107], [34.8796766, 32.4732891], [34.8797398, 32.4734831], [34.8797032, 32.4736465], [34.8795865, 32.4737094], [34.879415, 32.4737132], [34.8792615, 32.4736356], [34.879196, 32.4734772], [34.8793172, 32.4725677], [34.8794594, 32.4722251], [34.8804416, 32.468452], [34.8806663, 32.4678736], [34.8812971, 32.4671742], [34.881927, 32.4667579], [34.882347, 32.4665954], [34.883458, 32.4663225], [34.8835214, 32.4658612], [34.8835908, 32.4653555], [34.883656, 32.4652], [34.8839494, 32.4651898], [34.8839205, 32.4649495], [34.8837944, 32.4644225]]}}, {"type": "Feature", "properties": {"osm_id": 96738336, "tags": {"natural": "coastline", "source": "PGS"}}, "geometry": {"type": "LineString", "coordinates": [[34.8694399, 32.4111602], [34.8687874, 32.4101592], [34.8684275, 32.4094378], [34.8681754, 32.4091638], [34.8682129, 32.4090325], [34.8680788, 32.408575], [34.8680663, 32.408095], [34.8677945, 32.4077055], [34.8676979, 32.4070896], [34.8677033, 32.406931], [34.8676389, 32.406605], [34.8674566, 32.4063694], [34.867242, 32.4062064], [34.8672012, 32.4058751], [34.8672527, 32.4057354], [34.8671937, 32.4053006], [34.8670381, 32.4049383], [34.8667753, 32.4046529], [34.8666996, 32.4046361], [34.866735, 32.4044152], [34.8664057, 32.404351], [34.8663944, 32.4042657], [34.866389, 32.4041366], [34.8662871, 32.4039645], [34.8661354, 32.4038849], [34.8663756, 32.403849], [34.866448, 32.4038286], [34.8664159, 32.4037426], [34.8662925, 32.4037018], [34.8663622, 32.4036361], [34.8663864, 32.4035433], [34.8658445, 32.4031921], [34.8664888, 32.4035422], [34.8666197, 32.4035127], [34.8667351, 32.4034601], [34.8668673, 32.4033826], [34.866865, 32.4033698], [34.8668481, 32.4032776], [34.8668542, 32.4032657], [34.86689, 32.4031959], [34.8669006, 32.4031861], [34.8669578, 32.4031332], [34.8669622, 32.4031201], [34.8669967, 32.4030184], [34.8669707, 32.4027927], [34.8668323, 32.4027254], [34.8665157, 32.4026217], [34.8661769, 32.402572], [34.866093, 32.4025965], [34.8660123, 32.4025311], [34.8660317, 32.4024821], [34.8661059, 32.4024712], [34.8661607, 32.4024957], [34.8665673, 32.4025284], [34.8669158, 32.402651], [34.8669513, 32.4026183], [34.8669255, 32.4024657], [34.8668448, 32.4023813], [34.8667319, 32.4023077], [34.8666125, 32.4022641], [34.866264, 32.4016729], [34.8662002, 32.4016524], [34.8661595, 32.4016393], [34.8656852, 32.4018067], [34.8655638, 32.402038], [34.8655831, 32.4022151], [34.8655767, 32.4023186], [34.8657219, 32.4028226], [34.8656606, 32.4028335], [34.8654504, 32.4023084], [34.8654107, 32.4019627], [34.8653322, 32.4019513], [34.8651592, 32.4018347], [34.8650971, 32.4017627], [34.8651338, 32.4016931], [34.8651686, 32.4016218], [34.8653094, 32.4016127], [34.8653886, 32.401589], [34.8653644, 32.4014599], [34.8654275, 32.4012878], [34.8654436, 32.4012255], [34.8652905, 32.401], [34.8653497, 32.4008586], [34.8655495, 32.4008394], [34.8657117, 32.4007754], [34.8659223, 32.4002585], [34.8660445, 32.399734], [34.8660726, 32.3993855], [34.8661077, 32.3990177], [34.8661208, 32.3985249], [34.8660913, 32.398038], [34.865597, 32.3959242], [34.8653663, 32.3955823], [34.8651354, 32.3938508], [34.8649726, 32.3930153], [34.8647802, 32.3922815], [34.8629853, 32.3872474], [34.8622128, 32.3838843], [34.8605684, 32.378666], [34.8591805, 32.371854], [34.8571406, 32.3656159], [34.8539975, 32.3524564]]}}, {"type": "Feature", "properties": {"osm_id": 96743921, "tags": {"natural": "coastline", "source": "PGS"}}, "geometry": {"type": "LineString", "coordinates": [[34.8877511, 32.4829106], [34.8870538, 32.4809833], [34.8868703, 32.4799769], [34.885629, 32.4769923], [34.8855808, 32.4768605]]}}, {"type": "Feature", "properties": {"osm_id": 96743924, "tags": {"natural": "coastline", "source": "PGS"}}, "geometry": {"type": "LineString", "coordinates": [[34.9004318, 32.5320133], [34.9001271, 32.5285217], [34.8996743, 32.5277841], [34.8992913, 32.5276131], [34.8994109, 32.5272006], [34.8995032, 32.526424], [34.8993777, 32.5257605], [34.8988809, 32.5251164], [34.8983439, 32.5247143], [34.8985408, 32.5244579], [34.8986749, 32.5240761], [34.8986358, 32.5231946], [34.8980723, 32.5226619], [34.8980269, 32.522479], [34.8980876, 32.5222071], [34.897918, 32.5214875], [34.8980972, 32.5211695], [34.8979695, 32.5202748], [34.8980392, 32.519875], [34.8978619, 32.518693], [34.8978332, 32.5182081], [34.8976316, 32.5178737], [34.8976715, 32.517559], [34.8976181, 32.517265], [34.8971589, 32.5165365], [34.8970044, 32.5163026], [34.897142, 32.5157211], [34.8969913, 32.5151634], [34.8967075, 32.5146493], [34.8962517, 32.5143455], [34.8961738, 32.5138855], [34.8960048, 32.5137267], [34.8957969, 32.5136776], [34.8955152, 32.5137368], [34.8954311, 32.5134168], [34.8957148, 32.5131814], [34.8956389, 32.5128295], [34.895574, 32.5125288], [34.8958122, 32.5122741], [34.8960872, 32.5117521], [34.8960203, 32.5112678], [34.8958371, 32.510585], [34.8955689, 32.5102579], [34.8954466, 32.509734], [34.8952181, 32.5095029], [34.8952296, 32.5092758], [34.8951105, 32.5089584], [34.8942723, 32.5079066], [34.893749, 32.5071496], [34.8935586, 32.5070886], [34.8932762, 32.5067924], [34.8929146, 32.5067573], [34.8926609, 32.5065931], [34.8925375, 32.5063185], [34.8919764, 32.5062914], [34.8917521, 32.506167], [34.8917436, 32.5058297], [34.8915598, 32.5052314], [34.891375, 32.5051009], [34.8908862, 32.5051293], [34.8907594, 32.5050215], [34.8907597, 32.5047792], [34.8910851, 32.5045686], [34.8910912, 32.5043596], [34.8910006, 32.5041413], [34.8905079, 32.5040857], [34.8902831, 32.5041599], [34.8898904, 32.5039916], [34.8895967, 32.5040013], [34.8895884, 32.5038341], [34.8893695, 32.5037911], [34.8895484, 32.5036513], [34.8897995, 32.5031293], [34.8904059, 32.5033059], [34.8907364, 32.5027881], [34.8910679, 32.5024927], [34.8908863, 32.5021371], [34.8906803, 32.5018718], [34.8905848, 32.5018035], [34.8905384, 32.5019034], [34.8903982, 32.5020021], [34.8903984, 32.5019025], [34.8903244, 32.5018582], [34.8902168, 32.5018927], [34.8901889, 32.5019659], [34.8903129, 32.5020656], [34.8902662, 32.5021106], [34.8900638, 32.5019736], [34.8899725, 32.5019792], [34.8899856, 32.5020794], [34.8898255, 32.5020344], [34.8897477, 32.5021134], [34.8897096, 32.5020555], [34.8889511, 32.5023197], [34.8889138, 32.5024466], [34.8889514, 32.502763], [34.8889296, 32.5028535], [34.8888889, 32.5029085], [34.8888022, 32.5029144], [34.8887993, 32.5026262], [34.8887816, 32.502412], [34.8888055, 32.502274], [34.888791, 32.5019706], [34.8889181, 32.5018899], [34.8890801, 32.5019034], [34.8892947, 32.5018039], [34.889395, 32.5016632], [34.8900208, 32.5013196], [34.8901801, 32.5013085], [34.8904126, 32.5011479], [34.8904845, 32.5008898], [34.8905304, 32.5000851], [34.8902278, 32.4988294], [34.8899902, 32.4981093], [34.8897652, 32.4978264], [34.8894951, 32.4976114], [34.8892408, 32.4976838], [34.8891241, 32.4978089], [34.8890058, 32.4977755], [34.8887853, 32.4978465], [34.8885769, 32.4977114], [34.8886008, 32.4976375], [34.8887188, 32.497582], [34.8888258, 32.4975868], [34.8889581, 32.4976081], [34.8888771, 32.4974676], [34.8886786, 32.4974454], [34.8884509, 32.4974074], [34.8882814, 32.497594], [34.8881254, 32.4973541], [34.8880713, 32.4971986], [34.8879496, 32.4970836], [34.8885222, 32.4967266], [34.8887526, 32.4968208], [34.8891949, 32.496793], [34.8893435, 32.4967735], [34.8894186, 32.4968563], [34.8895342, 32.4967188], [34.8895828, 32.4965663], [34.8895637, 32.4962867], [34.8894932, 32.495901], [34.8893969, 32.4957575], [34.8893891, 32.4954687], [34.8895576, 32.4952718], [34.8898406, 32.4948883], [34.8898722, 32.4944936], [34.8898821, 32.4940443], [34.8896343, 32.4937737], [34.8891776, 32.4934722], [34.8888488, 32.493522], [34.8887624, 32.4936916], [34.8886669, 32.4938835], [34.8884942, 32.4941016], [34.8886197, 32.4942047], [34.8888171, 32.4941875], [34.8888311, 32.4942545], [34.8886175, 32.4943463], [34.8884185, 32.4942237], [34.888033, 32.4942081], [34.887638, 32.4943712], [34.8872292, 32.494326], [34.8868881, 32.4941617], [34.8868773, 32.4939418], [34.8871788, 32.4937256], [34.8873263, 32.4937048], [34.8875296, 32.4937722], [34.8876466, 32.493679], [34.8878912, 32.4936681], [34.8880146, 32.4936269], [34.8880039, 32.4935007], [34.8881621, 32.4934826], [34.8882056, 32.493607], [34.8883177, 32.4935206], [34.888256, 32.4933636], [34.888366, 32.4931432], [34.8881584, 32.4931672], [34.8879524, 32.4930179], [34.8877727, 32.4928835], [34.887233, 32.4926876], [34.8869471, 32.492655], [34.8868274, 32.4924885], [34.8867169, 32.4923668], [34.8867851, 32.4922293], [34.8870501, 32.492232], [34.8872362, 32.492275], [34.8873966, 32.4924532], [34.8875409, 32.492541], [34.8880076, 32.4926831], [34.8882897, 32.4928939], [34.8885746, 32.4919365], [34.8885306, 32.4915093], [34.8881561, 32.4905935], [34.888409, 32.4899718], [34.8886352, 32.4894392], [34.8887977, 32.4882474], [34.8886969, 32.4871107], [34.8884562, 32.4858831], [34.8881179, 32.4839867], [34.8877511, 32.4829106]]}}, {"type": "Feature", "properties": {"osm_id": 96743934, "tags": {"natural": "coastline", "source": "PGS"}}, "geometry": {"type": "LineString", "coordinates": [[34.9017376, 32.5396799], [34.9010723, 32.5394887], [34.900963, 32.5393482], [34.9009037, 32.5391224], [34.9007192, 32.5390936], [34.9006937, 32.5389582], [34.9009214, 32.5388544], [34.9017279, 32.5374671], [34.9017045, 32.5372307], [34.90138, 32.536959], [34.9011593, 32.5367533], [34.9011851, 32.5365823], [34.9013119, 32.5362362], [34.9014807, 32.5357822], [34.901397, 32.5349481], [34.9010533, 32.5335523], [34.9004555, 32.5322854], [34.9004318, 32.5320133]]}}, {"type": "Feature", "properties": {"osm_id": 96762889, "tags": {"natural": "coastline", "source": "PGS"}}, "geometry": {"type": "LineString", "coordinates": [[34.9522251, 32.767601], [34.9510102, 32.7584294], [34.9502041, 32.7523435], [34.9493019, 32.7455664], [34.9485155, 32.7395312], [34.9482719, 32.7376612], [34.9474243, 32.73286], [34.9466223, 32.7276072], [34.9456653, 32.7231895], [34.9455647, 32.7227837], [34.9446702, 32.7191769], [34.944387, 32.7173598], [34.942687, 32.7115781], [34.9422572, 32.710862], [34.9416375, 32.7098295], [34.9404224, 32.7082754], [34.9390609, 32.7068594], [34.9379596, 32.7060515], [34.9372451, 32.7060167], [34.9364978, 32.7057851], [34.9352703, 32.705724], [34.9348355, 32.7061866], [34.9347565, 32.7060555], [34.934159, 32.7060948], [34.9337591, 32.706172], [34.9338073, 32.7063119], [34.9339451, 32.7066635], [34.933811, 32.7068535], [34.933531, 32.7066563], [34.933431, 32.7061652], [34.9329779, 32.7061114], [34.9326269, 32.7062275], [34.9322739, 32.7061819], [34.9322548, 32.7059083], [34.9325649, 32.7056271], [34.932348, 32.7052423], [34.9321332, 32.705169], [34.9320071, 32.7048534], [34.9319855, 32.704625], [34.9324377, 32.7045704], [34.9331972, 32.7046022], [34.9333144, 32.704834], [34.9336203, 32.7047345], [34.9336794, 32.7047354], [34.933943, 32.7047397], [34.9343888, 32.7044986], [34.9347573, 32.7043871], [34.9353694, 32.7034775], [34.9353981, 32.7022445], [34.934367, 32.6999329], [34.9321072, 32.6986413], [34.9319371, 32.6985835], [34.9315076, 32.6984651], [34.9314197, 32.6984259], [34.9307752, 32.6984086], [34.9301368, 32.6985008], [34.9295001, 32.6988001], [34.9291445, 32.6992973], [34.9279806, 32.6993699], [34.9280833, 32.6988359], [34.9282372, 32.6986531], [34.9286323, 32.6984777], [34.9291942, 32.698332], [34.9297012, 32.6982749], [34.9297372, 32.6981665], [34.929691, 32.6980743], [34.9294325, 32.6979948], [34.928808, 32.6980312], [34.9283387, 32.6981862], [34.9279042, 32.6982084], [34.9276048, 32.6981072], [34.9273715, 32.697863], [34.9273113, 32.6975835], [34.9273721, 32.6973482], [34.9276055, 32.6963491], [34.9276537, 32.6962224], [34.927544, 32.6961057], [34.9271538, 32.6961501], [34.9271365, 32.6956573], [34.9274598, 32.695585], [34.9276829, 32.6956023], [34.9277478, 32.6954296], [34.9276776, 32.6953574], [34.9272615, 32.6952901], [34.9271247, 32.6951273], [34.9268523, 32.6943452], [34.9268597, 32.6934136], [34.9270084, 32.692943], [34.926664, 32.692491], [34.927894, 32.6913378], [34.9284854, 32.6907435], [34.9281729, 32.6903423], [34.9278752, 32.6900213], [34.9277636, 32.6895138], [34.9280141, 32.6891423], [34.9284127, 32.6892705], [34.928741, 32.68935], [34.9290452, 32.6889704], [34.9290522, 32.6885859], [34.928881, 32.6882813], [34.9284025, 32.6879301], [34.9281504, 32.6876623], [34.9279061, 32.6877435], [34.9278744, 32.6878902], [34.9279884, 32.6879893], [34.9278747, 32.6880439], [34.9277194, 32.6879031], [34.9277317, 32.6877189], [34.9277287, 32.6876032], [34.9274063, 32.6874863], [34.9273061, 32.6873705], [34.9275485, 32.6873087], [34.9276818, 32.6871974], [34.9280794, 32.6871983], [34.9281923, 32.6870288], [34.9282204, 32.6868206], [34.9281386, 32.6865314], [34.9277719, 32.686179], [34.9274262, 32.6861796], [34.9272111, 32.6864487], [34.9269391, 32.6864365], [34.9269777, 32.6861417], [34.9269278, 32.6858767], [34.9262872, 32.6856826], [34.9262269, 32.6854965], [34.9263459, 32.6851589], [34.9264189, 32.6849531], [34.926673, 32.6851168], [34.927158, 32.6849574], [34.9272443, 32.6848455], [34.9270834, 32.6846712], [34.927055, 32.6844924], [34.9273093, 32.6845261], [34.9275885, 32.6846733], [34.9277489, 32.6846517], [34.9278704, 32.6845083], [34.9279098, 32.6843674], [34.9276489, 32.6843133], [34.9276011, 32.6842174], [34.9278629, 32.6839764], [34.9281129, 32.6838502], [34.9280861, 32.6834625], [34.9280641, 32.6833581], [34.9280018, 32.6831362], [34.9278404, 32.68297], [34.9276912, 32.6827844], [34.9273737, 32.6829432], [34.927198, 32.6829876], [34.9269346, 32.6829843], [34.9267747, 32.6830608], [34.9266385, 32.6829698], [34.926635, 32.682814], [34.9266907, 32.6825171], [34.9267281, 32.6822943], [34.9268657, 32.6821565], [34.9271124, 32.6821293], [34.9272398, 32.6820142], [34.9272996, 32.6818372], [34.927473, 32.6817893], [34.9275904, 32.6816707], [34.9275815, 32.6814843], [34.9274163, 32.6813099], [34.9267849, 32.6812518], [34.9264523, 32.6811342], [34.9263386, 32.6809838], [34.9263233, 32.6807628], [34.9264121, 32.6806095], [34.9266862, 32.6805395], [34.9268512, 32.680596], [34.9268989, 32.6805399], [34.9268914, 32.6803596], [34.9268235, 32.6802133], [34.9266784, 32.6802368], [34.9265821, 32.6803445], [34.9264019, 32.6805039], [34.9262074, 32.6805517], [34.9261854, 32.6804657], [34.9263247, 32.6803655], [34.9263083, 32.6801957], [34.9264373, 32.6801307], [34.9264409, 32.6799779], [34.9263263, 32.679893], [34.9261004, 32.6799225], [34.9259145, 32.6798265], [34.9263099, 32.6794088], [34.9260867, 32.6789392], [34.926812, 32.6786624], [34.9272567, 32.6790661], [34.9276198, 32.6792828], [34.9284395, 32.6787555], [34.928888, 32.6778745], [34.9290488, 32.6770326], [34.9288963, 32.6764356], [34.9291449, 32.6749887], [34.9291058, 32.674618], [34.9289159, 32.6742956], [34.9292222, 32.6740676], [34.9284347, 32.6706899], [34.9283558, 32.6705311], [34.9281186, 32.6700539], [34.9277748, 32.6698315], [34.927555, 32.6693818], [34.9276724, 32.6691644], [34.9280246, 32.6689865], [34.9277663, 32.6657249], [34.9276254, 32.6654877], [34.926921, 32.6655865], [34.9266627, 32.6653691], [34.9268271, 32.6650528], [34.9275315, 32.6649342], [34.9274376, 32.6646574], [34.9271323, 32.6623446], [34.9267332, 32.6619492], [34.9266627, 32.661376], [34.9262678, 32.6608036], [34.9253947, 32.6610201], [34.9246759, 32.6608643], [34.9241737, 32.6609213], [34.924385, 32.6604271], [34.9249721, 32.6604271], [34.9255826, 32.6598142], [34.9259113, 32.6596759], [34.9265453, 32.6595375], [34.926874, 32.6590037], [34.9269868, 32.6583217], [34.9256139, 32.6500848], [34.9255043, 32.6499462], [34.925262, 32.6496398], [34.9245843, 32.6487827], [34.9247888, 32.6481571], [34.9244964, 32.6475954], [34.9237991, 32.6476514], [34.9228195, 32.6477073], [34.9222383, 32.6473438], [34.9221198, 32.6468332], [34.922753, 32.6467287], [34.9224708, 32.6462114], [34.9220225, 32.6459318], [34.9220585, 32.6453454], [34.9225206, 32.6452747], [34.923633, 32.6451908], [34.9242183, 32.6447812], [34.9234338, 32.6444498], [34.9234006, 32.6441841], [34.9237659, 32.6438346], [34.9236477, 32.6435225], [34.9230519, 32.6433453], [34.9222383, 32.6437647], [34.9219228, 32.6436389], [34.921837, 32.6432892], [34.9217402, 32.642772], [34.9210262, 32.6425763], [34.9209738, 32.6423084], [34.9220059, 32.641276], [34.9223213, 32.6409265], [34.9229025, 32.6410943], [34.9230353, 32.6407867], [34.9227032, 32.6406329], [34.92269, 32.6403052], [34.9230851, 32.6396262], [34.9234504, 32.6387733], [34.9229669, 32.6386684], [34.9226866, 32.6385077], [34.9228859, 32.6380602], [34.9223545, 32.6379903], [34.9218367, 32.6370812], [34.9211591, 32.6370395], [34.9207606, 32.6368298], [34.9207772, 32.6364803], [34.9211259, 32.6364663], [34.9213583, 32.6363125], [34.9215244, 32.6357672], [34.9217734, 32.6354735], [34.9221694, 32.6352408], [34.92179, 32.6349422], [34.9213749, 32.6347604], [34.9212421, 32.6343829], [34.9215378, 32.633898], [34.9215908, 32.6334181], [34.9212919, 32.6329147], [34.921388, 32.6324207], [34.9214009, 32.6320213], [34.9214247, 32.6317236], [34.9210675, 32.6315371], [34.9207947, 32.6313009], [34.9206155, 32.6311849], [34.9204538, 32.6308488], [34.9203701, 32.6305784], [34.9200831, 32.6304975], [34.9198599, 32.6306195], [34.9198071, 32.6305985], [34.9198776, 32.6305152], [34.9200281, 32.6303966], [34.9198142, 32.630174], [34.9193334, 32.6300318], [34.9191545, 32.6299136], [34.9191497, 32.6297797], [34.9192908, 32.6296182], [34.9195098, 32.6295044], [34.9197159, 32.6294804], [34.9198392, 32.6295698], [34.9199828, 32.6299459], [34.9200978, 32.6300293], [34.9205189, 32.6299712], [34.9207384, 32.6296992], [34.9208432, 32.6294429], [34.9208478, 32.6292373], [34.920814, 32.6290902], [34.9206844, 32.6289895], [34.9203824, 32.6290487], [34.9199624, 32.6291386], [34.9195467, 32.6291583], [34.9191595, 32.6289419], [34.9189877, 32.6288459], [34.9188461, 32.6286651], [34.9188951, 32.6285364], [34.9189727, 32.6285237], [34.9192615, 32.6286423], [34.9194003, 32.62878], [34.9195222, 32.6288], [34.9196159, 32.6287734], [34.9197226, 32.6286934], [34.9197685, 32.6285832], [34.91958, 32.6284062], [34.9195338, 32.6283588], [34.9195491, 32.6283023], [34.9196317, 32.6281885], [34.9199039, 32.6281036], [34.9199968, 32.6280206], [34.9200034, 32.6279375], [34.9199356, 32.6278479], [34.9198384, 32.6277951], [34.9196884, 32.6277136], [34.9196539, 32.6276425], [34.9196818, 32.6275544], [34.9198509, 32.6271628], [34.919452, 32.6270133], [34.9194161, 32.6264178], [34.9191795, 32.6262429], [34.9189537, 32.6261831], [34.9186423, 32.6262764], [34.9185424, 32.6261493], [34.9185555, 32.6260373], [34.9186693, 32.625888], [34.9186894, 32.6257084], [34.9188002, 32.6255717], [34.9188212, 32.6254126], [34.9189099, 32.625215], [34.9190628, 32.6252175], [34.9192095, 32.6252961], [34.919331, 32.6252636], [34.9194884, 32.625159], [34.9194477, 32.6250634], [34.9192988, 32.6250366], [34.9190792, 32.6250421], [34.9186684, 32.6248997], [34.9184083, 32.6248039], [34.9183034, 32.6246986], [34.918353, 32.6244547], [34.9184231, 32.624388], [34.9186052, 32.6244452], [34.918867, 32.6244257], [34.9192472, 32.6243783], [34.9195284, 32.6243211], [34.9196443, 32.6242536], [34.9198308, 32.6239653], [34.919857, 32.6237896], [34.919816, 32.6236196], [34.919677, 32.6235854], [34.9194673, 32.6235885], [34.9193493, 32.6235178], [34.9190513, 32.623201], [34.9187844, 32.6231721], [34.9188746, 32.6229943], [34.919536, 32.6231205], [34.9197108, 32.6230915], [34.9199115, 32.6230123], [34.9202091, 32.6228123], [34.9204005, 32.6224422], [34.9203664, 32.6222065], [34.9201759, 32.6219543], [34.9199591, 32.6217281], [34.919248, 32.6213324], [34.919131, 32.6213181], [34.9188531, 32.621326], [34.9186897, 32.6213197], [34.9186282, 32.6212841], [34.9185878, 32.6212141], [34.9185288, 32.620916], [34.918328, 32.6206956], [34.9180036, 32.620523], [34.9177106, 32.6204995], [34.9170921, 32.6205023], [34.9170676, 32.6205205], [34.9171158, 32.6205619], [34.9172927, 32.6206419], [34.9174029, 32.6208244], [34.917307, 32.6211124], [34.9170313, 32.6211387], [34.9167796, 32.6210683], [34.9167061, 32.6208598], [34.9165764, 32.620595], [34.9164052, 32.6202055], [34.9162408, 32.6197186], [34.9162673, 32.6195332], [34.9163752, 32.6194146], [34.9166605, 32.6192832], [34.9168625, 32.619113], [34.9169371, 32.6188797], [34.9168204, 32.6185952], [34.9166252, 32.6183099], [34.9164968, 32.6182746], [34.9163025, 32.618249], [34.9162376, 32.6181997], [34.9159962, 32.618148], [34.9157462, 32.6177281], [34.9155654, 32.6175527], [34.9159051, 32.6170271], [34.9157736, 32.6167506], [34.9149576, 32.6167092], [34.9149884, 32.6162616], [34.915464, 32.6160499], [34.9154106, 32.6155203], [34.9157628, 32.6155464], [34.9160529, 32.6159211], [34.9166926, 32.615896], [34.9172939, 32.615892], [34.917633, 32.6150513], [34.9176325, 32.6148451], [34.917632, 32.6146291], [34.9173503, 32.6141407], [34.9171215, 32.6138947], [34.9168201, 32.6137011], [34.9165351, 32.6135762], [34.9160414, 32.6135964], [34.9157884, 32.6143516], [34.9148727, 32.6143362], [34.9146455, 32.6134775], [34.9141563, 32.6136128], [34.9140632, 32.6132527], [34.9144438, 32.612975], [34.9142823, 32.6127021], [34.9145498, 32.6125064], [34.9151319, 32.6125674], [34.9153975, 32.6126653], [34.9163058, 32.6124851], [34.9163314, 32.6121938], [34.9162941, 32.6118401], [34.915979, 32.6113017], [34.916139, 32.6107699], [34.916307, 32.610199], [34.916386, 32.6097876], [34.9159794, 32.6092359], [34.915848, 32.6087831], [34.9158539, 32.6084374], [34.9160132, 32.6082372], [34.916518, 32.6080036], [34.9168897, 32.607657], [34.9171016, 32.6068928], [34.917026, 32.6061517], [34.9169788, 32.605515], [34.9170249, 32.604115], [34.9167574, 32.6031091], [34.9160991, 32.6012974], [34.9160014, 32.6005005], [34.9163996, 32.5997718], [34.9163506, 32.5990996], [34.9159933, 32.5978265], [34.9159472, 32.5972896], [34.9157181, 32.5971468], [34.9155578, 32.596026], [34.9154574, 32.5950981], [34.9147963, 32.5904117], [34.9147794, 32.5902919], [34.9143255, 32.5887976], [34.9140929, 32.5863001], [34.9130881, 32.5825469], [34.9129336, 32.5807189], [34.9129013, 32.5803367], [34.9128965, 32.5802801], [34.9128743, 32.580017], [34.9111784, 32.5725592], [34.9090334, 32.5626306], [34.9088179, 32.5616204], [34.9084812, 32.560399], [34.907803, 32.5589374], [34.9075355, 32.5576935], [34.9065856, 32.5568481], [34.905589, 32.555768], [34.905492, 32.5553423], [34.9050691, 32.5547851], [34.9049428, 32.5544132], [34.9050399, 32.5537094], [34.9052603, 32.5530873], [34.9053987, 32.5514746], [34.9052889, 32.5494088], [34.9049006, 32.5473151], [34.9046849, 32.5466987], [34.904239, 32.544149], [34.9040673, 32.5439614], [34.9039722, 32.5435667], [34.9039008, 32.5431251], [34.903694, 32.5426678], [34.9032288, 32.5411516], [34.9027829, 32.5404261], [34.9025846, 32.5400812], [34.9021339, 32.5396555], [34.9018857, 32.53973], [34.9017376, 32.5396799]]}}, {"type": "Feature", "properties": {"osm_id": 97254768, "tags": {"natural": "coastline", "source": "PGS"}}, "geometry": {"type": "LineString", "coordinates": [[34.8837944, 32.4644225], [34.8836721, 32.4640972], [34.88317, 32.4632816], [34.8797755, 32.452578], [34.8799748, 32.4522414], [34.8796797, 32.4518358], [34.8797329, 32.4514363], [34.8793311, 32.4508012], [34.8789824, 32.450669], [34.8789333, 32.4496713], [34.8792283, 32.4495799], [34.8793144, 32.4493158], [34.8792383, 32.4489726], [34.8791113, 32.4488933], [34.8789432, 32.448849], [34.8783673, 32.449166], [34.8783228, 32.4490353], [34.878839, 32.4486352], [34.878746, 32.4483209], [34.878569, 32.4477223], [34.8780168, 32.447115], [34.8781273, 32.446775], [34.8778767, 32.4463891], [34.8777675, 32.4460958], [34.8781715, 32.4454976], [34.8783665, 32.4449931], [34.878354, 32.4446576], [34.8785414, 32.4444488], [34.8785344, 32.4442281], [34.8780997, 32.4439044], [34.8779167, 32.4438084], [34.8778066, 32.4437508], [34.8776175, 32.443479], [34.8777691, 32.4431445], [34.8777633, 32.4428211], [34.8775781, 32.4426373], [34.8773215, 32.442576], [34.8771031, 32.4425758], [34.8767433, 32.4421196], [34.8767325, 32.441335], [34.8767411, 32.4411541], [34.8771558, 32.4411967], [34.8775334, 32.4411338], [34.877645, 32.4407356], [34.8771131, 32.4382597], [34.8766809, 32.4366283], [34.8763417, 32.4353482], [34.8759971, 32.4347386], [34.8755242, 32.4344253], [34.8755229, 32.4339523], [34.8752584, 32.4333345], [34.8749513, 32.4329067], [34.8751597, 32.4324813], [34.8748797, 32.4323034], [34.8749979, 32.4321709], [34.8752136, 32.4320113], [34.8754105, 32.4316487], [34.8752753, 32.431005], [34.8745848, 32.4313206], [34.8743451, 32.4313301], [34.8741509, 32.4312319], [34.8742338, 32.4309917], [34.8744409, 32.4306804], [34.8744749, 32.4304234], [34.8742209, 32.4301568], [34.8744304, 32.4297352], [34.8742834, 32.4296161], [34.8742029, 32.4293248], [34.8744594, 32.4292322], [34.8744336, 32.4291364], [34.8739967, 32.4287076], [34.874116, 32.4283685], [34.8744127, 32.4282351], [34.8743845, 32.4279845], [34.8741134, 32.4269605], [34.873802, 32.4262589], [34.8733387, 32.4261905], [34.8732728, 32.425968], [34.8736531, 32.425678], [34.8732789, 32.4237307], [34.872625, 32.4220512], [34.8722269, 32.418382], [34.8711968, 32.4164981], [34.8707163, 32.4136938], [34.8703383, 32.412585], [34.8696264, 32.4114464], [34.8694399, 32.4111602]]}}, {"type": "Feature", "properties": {"osm_id": 97503874, "tags": {"natural": "coastline", "source": "PGS & Bing"}}, "geometry": {"type": "LineString", "coordinates": [[34.7456635, 32.0480202], [34.7453652, 32.0476998], [34.7452133, 32.0474888], [34.7450818, 32.0472078], [34.7450818, 32.0470969], [34.7451086, 32.0470712], [34.7450877, 32.0469836], [34.7450292, 32.0469005], [34.745033, 32.0468129], [34.7451053, 32.0467885], [34.7451441, 32.0467279], [34.7451601, 32.0465269], [34.7451627, 32.0463547], [34.7451171, 32.0461529], [34.7449694, 32.0458517], [34.7447575, 32.0455119], [34.7446073, 32.0452892], [34.7443673, 32.0451104], [34.7442533, 32.0450658], [34.7442279, 32.0449955], [34.7442106, 32.0449093], [34.7442286, 32.0448784], [34.7443095, 32.04486], [34.74437, 32.0449009], [34.7443954, 32.0449276], [34.7443969, 32.0449749], [34.7444095, 32.0449821], [34.7444305, 32.0449894], [34.7445009, 32.0449772], [34.7445908, 32.0449382], [34.7447182, 32.044868], [34.7448121, 32.04485], [34.744866, 32.0447679], [34.7450214, 32.0446743], [34.7451481, 32.0446134], [34.7452139, 32.0445267], [34.7453459, 32.0443702], [34.7453876, 32.0443773], [34.74545, 32.0443498], [34.7454942, 32.0443077], [34.7456333, 32.0442848], [34.7457822, 32.0443121], [34.7458612, 32.0441484], [34.7459175, 32.04394], [34.7459373, 32.0437942], [34.7459345, 32.0436505], [34.7458921, 32.0434968], [34.7458291, 32.0433271], [34.7457346, 32.0432361], [34.7456692, 32.0431518], [34.7455756, 32.0430525], [34.745524, 32.0430158], [34.7454786, 32.0429438], [34.7454871, 32.04284], [34.7454468, 32.0426377], [34.7454034, 32.0425376], [34.7454759, 32.042461], [34.7452885, 32.0422507], [34.7450732, 32.0419672], [34.7449791, 32.0417951], [34.7449722, 32.0416966], [34.744991, 32.0415941], [34.7450403, 32.04149], [34.7451139, 32.0413848], [34.7451453, 32.0413374], [34.7451628, 32.0412861], [34.7451894, 32.0411586], [34.7452002, 32.0410692], [34.7452584, 32.0409965], [34.7451324, 32.0407851], [34.7449543, 32.0401735], [34.7446509, 32.0393681], [34.7449447, 32.0390516], [34.7451124, 32.0386898], [34.7451907, 32.0382189], [34.7450466, 32.0379444], [34.7446454, 32.0374069], [34.7443562, 32.0370433], [34.7442576, 32.0369312], [34.7442361, 32.0367952], [34.7442849, 32.0364569], [34.7439887, 32.0358407], [34.7435296, 32.03518], [34.7432769, 32.0349776], [34.742999, 32.0345492], [34.7427796, 32.0343564], [34.7427388, 32.0338825], [34.7425092, 32.0334611], [34.7424189, 32.0333317], [34.7424358, 32.0331428], [34.7424309, 32.0331262]]}}, {"type": "Feature", "properties": {"osm_id": 97503875, "tags": {"natural": "coastline", "source": "PGS"}}, "geometry": {"type": "LineString", "coordinates": [[34.8092686, 32.2021074], [34.8092312, 32.2019756], [34.8091708, 32.20176], [34.8090796, 32.2015671], [34.8089012, 32.2012562], [34.8086706, 32.2009849], [34.8085204, 32.2007092], [34.8083501, 32.2003245], [34.8082776, 32.1999897], [34.8080094, 32.199664], [34.807878, 32.1991624], [34.8077399, 32.19889], [34.8075119, 32.198477], [34.8074797, 32.1982511], [34.8074847, 32.1981078], [34.8074422, 32.1974862], [34.8074321, 32.1974312], [34.8073831, 32.197341], [34.8072812, 32.1970187], [34.8070772, 32.1965511], [34.8069743, 32.1964804], [34.8062159, 32.1957742], [34.8061719, 32.1957332], [34.8060808, 32.1955587], [34.8060371, 32.1954751], [34.8060201, 32.1953618], [34.8059806, 32.1950979], [34.8059708, 32.1950327], [34.8057149, 32.194018], [34.8055583, 32.193701], [34.8055078, 32.1929737], [34.8049424, 32.1914571], [34.8048562, 32.1906742], [34.8040779, 32.1871072], [34.8033328, 32.1844078], [34.8031203, 32.1837354], [34.8028838, 32.1829167], [34.8026098, 32.1820711], [34.8021716, 32.1802764], [34.801846, 32.1791957], [34.801741, 32.1787939], [34.8016828, 32.17855], [34.8015221, 32.1778501], [34.8014386, 32.1775193], [34.8012771, 32.1769347], [34.801115, 32.1764478], [34.8007366, 32.1753707], [34.800215, 32.1733041], [34.8001162, 32.1731629], [34.8000137, 32.1729753], [34.7999641, 32.172894], [34.7999082, 32.1728401], [34.7998917, 32.1727899], [34.7998758, 32.1727211], [34.7997871, 32.1726221], [34.7996934, 32.1724691], [34.7995226, 32.1720875], [34.7993656, 32.1717331], [34.7991289, 32.1713941], [34.7987437, 32.1709475], [34.7985149, 32.1707093], [34.7983611, 32.1705872], [34.7982994, 32.1705539], [34.7982698, 32.1704933], [34.7982849, 32.1703526], [34.7983162, 32.1701529], [34.7982678, 32.1699229], [34.7981481, 32.1697589], [34.7979199, 32.1695452], [34.7974933, 32.1693049], [34.7974252, 32.1692233], [34.7974268, 32.1691413], [34.7974928, 32.1690343], [34.7976342, 32.1688775], [34.7977648, 32.1686525], [34.7978499, 32.168391], [34.7978386, 32.1681523], [34.7977804, 32.1679484], [34.7976454, 32.1677896], [34.7974623, 32.1676576], [34.79711, 32.1675102], [34.7968678, 32.1674367], [34.7966399, 32.1674228], [34.7965541, 32.1674021], [34.7965113, 32.1673406], [34.7965233, 32.1672698], [34.7966004, 32.1672094], [34.7968937, 32.1669726], [34.7970647, 32.1667698], [34.7971499, 32.1665716], [34.7971757, 32.1663455], [34.7971947, 32.1660282], [34.7971302, 32.1656921], [34.7970213, 32.1653645], [34.7968459, 32.1652171], [34.7965237, 32.1650554], [34.7963781, 32.1649517], [34.7960891, 32.1647458], [34.7952956, 32.1648638], [34.7947341, 32.1648239], [34.7937597, 32.1646103], [34.7936046, 32.1646086], [34.7933824, 32.1646672], [34.7932915, 32.164701], [34.7932325, 32.1646949], [34.7931901, 32.1646684], [34.7931775, 32.1646073], [34.7932132, 32.1645726], [34.7932789, 32.1645703], [34.7933278, 32.1645812], [34.7933888, 32.1645725], [34.7936624, 32.1645108], [34.7937429, 32.1644753], [34.7937855, 32.1644536], [34.7938293, 32.1644464], [34.7938703, 32.164455], [34.7939396, 32.1644857], [34.7940488, 32.1645138], [34.7941862, 32.1645435], [34.7941958, 32.1644834], [34.79421, 32.1644041], [34.7944571, 32.1644946], [34.7944718, 32.1644659], [34.7944824, 32.1644451], [34.7943501, 32.1643889], [34.7943185, 32.1643753], [34.7943387, 32.1643454], [34.7946533, 32.16388], [34.7946687, 32.1638574], [34.7950105, 32.164032], [34.7952781, 32.1636642], [34.7954849, 32.1637734], [34.7955614, 32.1636587], [34.7957596, 32.1633755], [34.7958175, 32.1633001], [34.7958144, 32.1632738], [34.7958191, 32.1632477], [34.7958269, 32.1632198], [34.7958424, 32.1631883], [34.795866, 32.1631602], [34.7958874, 32.1631367], [34.7959137, 32.1631161], [34.7959366, 32.1631009], [34.7959588, 32.1630919], [34.7960196, 32.1630053], [34.7962831, 32.1626473], [34.7960504, 32.162532], [34.7960623, 32.1625124], [34.7961842, 32.1623315], [34.7949129, 32.1616973], [34.7947184, 32.1611], [34.7944396, 32.1602139], [34.7944387, 32.1601874], [34.7944498, 32.1601594], [34.7944649, 32.160137], [34.7944819, 32.1601215], [34.7945121, 32.1601091], [34.79505, 32.1599925], [34.7949065, 32.1595269], [34.7948624, 32.1594532], [34.7948013, 32.1593857], [34.7947602, 32.1593571], [34.7946151, 32.1592825], [34.7944943, 32.1592737], [34.794382, 32.1592792], [34.7938457, 32.1594036], [34.7945741, 32.1616958], [34.7945258, 32.1617761], [34.7944681, 32.1617471], [34.7938323, 32.1626896], [34.7937788, 32.1627584], [34.7938215, 32.1627789], [34.7938511, 32.1628002], [34.7938739, 32.1628268], [34.7938887, 32.1628572], [34.7938946, 32.1628897], [34.7938913, 32.1629225], [34.793879, 32.1629537], [34.7938584, 32.1629816], [34.7938306, 32.1630046], [34.7937972, 32.1630214], [34.7937601, 32.163031], [34.7937134, 32.1630325], [34.7936159, 32.1630546], [34.7935558, 32.162882], [34.7935719, 32.1628599], [34.7935899, 32.1628233], [34.7935886, 32.1628074], [34.7934874, 32.1624701], [34.7933245, 32.1619524], [34.7932083, 32.1615866], [34.7930895, 32.1612127], [34.7929721, 32.1608443], [34.7928549, 32.160475], [34.7927347, 32.1600959], [34.7926241, 32.1597297], [34.7925586, 32.1595007], [34.7925541, 32.1594521], [34.7925574, 32.1593973], [34.7925825, 32.1593106], [34.7926296, 32.1592286], [34.7926975, 32.1591575], [34.7927582, 32.1591232], [34.7927964, 32.1591072], [34.7929267, 32.1590752], [34.793118, 32.1590358], [34.7931114, 32.1590144], [34.7930171, 32.1587109], [34.7931938, 32.1586711], [34.7931762, 32.1586153], [34.7929995, 32.1586551], [34.7929856, 32.1586107], [34.7929765, 32.1585817], [34.7930871, 32.1585561], [34.7930786, 32.1585299], [34.7930523, 32.1584487], [34.7929453, 32.1584691], [34.79249, 32.1585982], [34.7923434, 32.1586547], [34.792183, 32.1587352], [34.7919931, 32.1588815], [34.7918945, 32.1589829], [34.791779, 32.1591282], [34.7916802, 32.1593349], [34.7916071, 32.1596585], [34.7915587, 32.1601065], [34.7927636, 32.1656379], [34.7928291, 32.165735], [34.7928252, 32.1658069], [34.7927572, 32.1658572], [34.7926754, 32.1658849], [34.7925966, 32.1658585], [34.7925795, 32.1657845], [34.7913241, 32.160156], [34.7913559, 32.1596281], [34.7914832, 32.1591811], [34.791724, 32.1588604], [34.7919981, 32.1586007], [34.7923506, 32.1584179], [34.7927843, 32.1582765], [34.7946329, 32.1578354], [34.7946713, 32.1565356], [34.7946775, 32.1563573], [34.7938578, 32.1529922], [34.7915488, 32.1460721]]}}, {"type": "Feature", "properties": {"osm_id": 97506818, "tags": {"natural": "coastline", "source": "PGS"}}, "geometry": {"type": "LineString", "coordinates": [[34.9543255, 32.7842663], [34.954203, 32.7836793], [34.9541516, 32.7826508], [34.9541323, 32.7824611], [34.9538799, 32.7799864], [34.9536904, 32.7780111], [34.9535484, 32.7775911], [34.9525717, 32.7702175], [34.9522586, 32.7678539], [34.9522251, 32.767601]]}}, {"type": "Feature", "properties": {"osm_id": 99869471, "tags": {"natural": "coastline"}}, "geometry": {"type": "LineString", "coordinates": [[34.7507026, 32.0560609], [34.7508367, 32.05612], [34.7509118, 32.0561882], [34.7508689, 32.0562882], [34.7507616, 32.0564337], [34.7506811, 32.056311], [34.7504773, 32.0562018], [34.7503807, 32.0560973], [34.7502895, 32.05617], [34.750311, 32.0560654], [34.7505094, 32.0560109], [34.7507026, 32.0560609]]}}, {"type": "Feature", "properties": {"osm_id": 99869473, "tags": {"natural": "coastline"}}, "geometry": {"type": "LineString", "coordinates": [[34.751732, 32.0573923], [34.7516193, 32.0574105], [34.751394, 32.0574287], [34.7512653, 32.0574923], [34.7510293, 32.0575742], [34.7509434, 32.0574969], [34.7509381, 32.057406], [34.7510239, 32.0573514], [34.7509381, 32.0573332], [34.7508576, 32.0573696], [34.7507128, 32.0573241], [34.7509005, 32.0571786], [34.7511044, 32.0570786], [34.7511741, 32.0571059], [34.7514155, 32.0570559], [34.7513726, 32.0570968], [34.7513458, 32.0571695], [34.7512224, 32.0572105], [34.7512331, 32.0572696], [34.7512009, 32.0573423], [34.7512867, 32.0573605], [34.7514477, 32.0572878], [34.7514477, 32.0573196], [34.7516247, 32.0572968], [34.7518017, 32.0572741], [34.7518446, 32.0573469], [34.751732, 32.0573923]]}}, {"type": "Feature", "properties": {"osm_id": 99869475, "tags": {"natural": "coastline"}}, "geometry": {"type": "LineString", "coordinates": [[34.7502568, 32.056356], [34.7503212, 32.0564014], [34.7503695, 32.0565924], [34.7502729, 32.0566379], [34.7501334, 32.056556], [34.7499779, 32.0565378], [34.7499191, 32.0565106], [34.7499621, 32.0564196], [34.7499621, 32.0563469], [34.7501281, 32.0562378], [34.7502032, 32.056256], [34.7501978, 32.0563742], [34.7502568, 32.056356]]}}, {"type": "Feature", "properties": {"osm_id": 99869476, "tags": {"natural": "coastline"}}, "geometry": {"type": "LineString", "coordinates": [[34.7512498, 32.0570113], [34.7511478, 32.0570159], [34.7509815, 32.0569886], [34.7509923, 32.0568931], [34.7510942, 32.0568613], [34.7513302, 32.0568477], [34.7513302, 32.0567658], [34.7513785, 32.0567113], [34.7514751, 32.0566658], [34.7514965, 32.056734], [34.751518, 32.0568204], [34.7514643, 32.0568659], [34.7515234, 32.0569341], [34.7514751, 32.0569432], [34.7513946, 32.0569704], [34.7512498, 32.0570113]]}}, {"type": "Feature", "properties": {"osm_id": 99869477, "tags": {"natural": "coastline"}}, "geometry": {"type": "LineString", "coordinates": [[34.751099, 32.0565151], [34.7510937, 32.0564424], [34.7511205, 32.0563378], [34.7512332, 32.0563287], [34.7513243, 32.0564378], [34.7513726, 32.0564969], [34.7512707, 32.0565379], [34.7511956, 32.0565879], [34.751099, 32.0565151]]}}, {"type": "Feature", "properties": {"osm_id": 102744512, "tags": {"natural": "coastline"}}, "geometry": {"type": "LineString", "coordinates": [[34.7915488, 32.1460721], [34.7915278, 32.1460153], [34.7914672, 32.1458247], [34.7906861, 32.1434059], [34.7900321, 32.1414899], [34.7896497, 32.1403287], [34.7885395, 32.1375583], [34.7879207, 32.1358941], [34.7873753, 32.1345182], [34.7868534, 32.1331941], [34.7853387, 32.1289316], [34.7847867, 32.1272761], [34.7839674, 32.1248962], [34.7836984, 32.1241632], [34.7830935, 32.1225651], [34.7828186, 32.122174], [34.7827252, 32.1220969], [34.7825807, 32.1220045], [34.7824519, 32.1219417], [34.7822816, 32.1218777], [34.7821046, 32.1218442], [34.7819895, 32.1218346], [34.7818843, 32.1218389], [34.7818066, 32.1218535], [34.7816922, 32.1218857], [34.7815936, 32.1219334], [34.7815369, 32.1219726], [34.7815103, 32.1219957], [34.7815056, 32.1220193], [34.781578, 32.1221399], [34.7816029, 32.1221744], [34.7816548, 32.1222246], [34.7816863, 32.1222534], [34.7817161, 32.122264], [34.781744, 32.122284], [34.781769, 32.1223234], [34.7817688, 32.1223717], [34.7817558, 32.1223964], [34.7817249, 32.122409], [34.7816876, 32.1224177], [34.7816545, 32.1224152], [34.7816251, 32.1224063], [34.7815997, 32.1223871], [34.7813899, 32.1220479], [34.7811346, 32.1216061], [34.7808664, 32.1211763], [34.7808015, 32.1210829], [34.7807659, 32.1210071], [34.780741, 32.1209337], [34.7807186, 32.1208211], [34.7807185, 32.1207339], [34.7807318, 32.1206985], [34.7807545, 32.1206644], [34.7807804, 32.1206413], [34.7808121, 32.1206484], [34.7808415, 32.1206599], [34.7808818, 32.1206809], [34.7808896, 32.1207135], [34.7808804, 32.1207494], [34.7808668, 32.120819], [34.7808711, 32.1208882], [34.7808813, 32.120939], [34.7808983, 32.1209936], [34.7809192, 32.1210397], [34.7809552, 32.1210836], [34.7810394, 32.1210878], [34.781178, 32.1210708], [34.7812883, 32.1210405], [34.78138, 32.1209922], [34.7815302, 32.120875], [34.7816303, 32.1207631], [34.7817037, 32.1206634], [34.7817626, 32.1205622], [34.7818491, 32.1204093], [34.7818856, 32.1202511], [34.7818842, 32.1199673], [34.7818627, 32.1198473], [34.7817649, 32.1194522], [34.7817106, 32.1193775], [34.7816674, 32.1193334], [34.7816402, 32.1192138], [34.7816478, 32.1190952], [34.7816391, 32.1189755], [34.7815736, 32.1188332], [34.7815066, 32.1186648], [34.781383, 32.1184796], [34.7813082, 32.118387], [34.7812574, 32.1183646], [34.7812321, 32.1183588], [34.7812065, 32.1183504], [34.7811998, 32.11833], [34.7812183, 32.1183027], [34.7812447, 32.1182382], [34.7812423, 32.1181826], [34.7811933, 32.1181023], [34.7811965, 32.1180231], [34.7811802, 32.1179525], [34.7811517, 32.1178821], [34.7810997, 32.1177986], [34.7810119, 32.1176892], [34.7809516, 32.1176381], [34.7809114, 32.1176131], [34.7808777, 32.1176047], [34.7808503, 32.1176041], [34.7808062, 32.1176058], [34.7807907, 32.1175934], [34.7807856, 32.11757], [34.7808047, 32.1175136], [34.7808178, 32.1174624], [34.7808116, 32.1174061], [34.7807464, 32.117303], [34.7807027, 32.1171681], [34.7806075, 32.1168179], [34.7805248, 32.1166544], [34.7805011, 32.1165975], [34.7804529, 32.1164819], [34.7804006, 32.1162395], [34.7803756, 32.1161189], [34.7803555, 32.1159897], [34.7803398, 32.1159343], [34.7803048, 32.1158958], [34.7802646, 32.1158768], [34.7802023, 32.1158501], [34.7801764, 32.1158355], [34.7801613, 32.1158096], [34.7801595, 32.1157841], [34.7801765, 32.1157517], [34.7802104, 32.1157052], [34.7802279, 32.1156534], [34.7802331, 32.1155186], [34.7802161, 32.1154154], [34.7801884, 32.1153169], [34.7801369, 32.1151726], [34.7800821, 32.1150986], [34.7799627, 32.1149898], [34.7799273, 32.1149624], [34.7799224, 32.1149265], [34.7799296, 32.1148878], [34.7799439, 32.1148262], [34.7799494, 32.1147106], [34.7799414, 32.1145527], [34.7798896, 32.1142854], [34.7797788, 32.1139908], [34.779695, 32.1138478], [34.77956, 32.1136726], [34.7794818, 32.113612], [34.7794277, 32.1135628], [34.7793139, 32.113302], [34.7793038, 32.1132229], [34.7793113, 32.1131437], [34.779336, 32.1130006], [34.7793441, 32.112863], [34.7792668, 32.1126318], [34.7790362, 32.1122602], [34.7789885, 32.1121277], [34.7789529, 32.1119848], [34.7788912, 32.1118191], [34.7787885, 32.1116748], [34.7786701, 32.1115521], [34.7785611, 32.1114881], [34.7784316, 32.1114228], [34.7783503, 32.1113912], [34.7782575, 32.1113116], [34.7781439, 32.1112514], [34.7781066, 32.1111177], [34.7780584, 32.1110372], [34.7779173, 32.1108882], [34.7778216, 32.1107986], [34.7777798, 32.1107338], [34.777778, 32.1106521], [34.7777753, 32.1105923], [34.7778194, 32.1104875], [34.7778569, 32.1103626], [34.7778504, 32.1102517], [34.777796, 32.1101332], [34.7776422, 32.1099198], [34.7775795, 32.1098233], [34.7775346, 32.1096418], [34.7775209, 32.1095862], [34.7774634, 32.1094849], [34.7774269, 32.1094209], [34.777411, 32.1093075], [34.7773627, 32.1091291], [34.777354, 32.109097], [34.7772718, 32.1090696], [34.7766421, 32.1090296], [34.776447, 32.1089929], [34.7760545, 32.1088394], [34.775814, 32.1087516], [34.7757015, 32.1087105], [34.7747608, 32.108392], [34.7747145, 32.1083994], [34.7746916, 32.1084163], [34.7746587, 32.108457], [34.7746298, 32.1084723], [34.7745684, 32.1084607], [34.7744973, 32.1084271], [34.7744357, 32.1083466], [34.7744316, 32.1082368], [34.7744618, 32.1081568], [34.7745293, 32.1081057], [34.7745794, 32.1080838], [34.7746883, 32.1080732], [34.7747777, 32.1080758], [34.7748522, 32.1081004], [34.7757788, 32.1085005], [34.775931, 32.108356], [34.7762588, 32.1079613], [34.7764399, 32.1077668], [34.7766811, 32.1075271], [34.776684, 32.1075073], [34.7766824, 32.1074671], [34.7766102, 32.1073789], [34.776582, 32.1073636], [34.776529, 32.107358], [34.7764841, 32.1073853], [34.7763345, 32.1072008], [34.7763058, 32.1071916], [34.7762785, 32.1071949], [34.7759859, 32.1072348], [34.7759376, 32.1072365], [34.7759324, 32.1072557], [34.7757051, 32.1072121], [34.7757097, 32.1071951], [34.7750951, 32.1070803], [34.7750608, 32.1070472], [34.775056, 32.1070099], [34.7750822, 32.1069641], [34.7751207, 32.1069648], [34.775871, 32.107094], [34.7760207, 32.1070987], [34.7761255, 32.1070839], [34.776274, 32.107046], [34.776374, 32.106994], [34.776466, 32.106841], [34.7764794, 32.1067434], [34.776567, 32.1066832], [34.7764766, 32.1064118], [34.7764966, 32.106407], [34.7764872, 32.1063826], [34.7766046, 32.1063472], [34.7766828, 32.1063431], [34.7767817, 32.1063378], [34.7769154, 32.1063499], [34.7770267, 32.1063788], [34.7772557, 32.1065047], [34.7774245, 32.1065976], [34.7775285, 32.106632], [34.7775796, 32.1066356], [34.777578, 32.1066267], [34.7775818, 32.1066126], [34.7775937, 32.106599], [34.7776128, 32.106584], [34.7776411, 32.1065745], [34.7776672, 32.1065742], [34.7776831, 32.1065237], [34.7776463, 32.1065112], [34.7776156, 32.1064916], [34.7775792, 32.1064546], [34.7775419, 32.1063567], [34.7775069, 32.106306], [34.7774769, 32.1062736], [34.7774697, 32.1061223], [34.777426, 32.1059689], [34.7773937, 32.1058422], [34.777383, 32.1058], [34.7774303, 32.1057642], [34.7774048, 32.1056785], [34.7773306, 32.1056608], [34.77732, 32.105629], [34.7773198, 32.1056121], [34.7773247, 32.1055918], [34.7773468, 32.1055667], [34.7773831, 32.1055573], [34.7773617, 32.1054967], [34.7773359, 32.1054979], [34.7773053, 32.1054945], [34.7772824, 32.1054868], [34.777267, 32.10547], [34.7772323, 32.1053714], [34.777166, 32.105183], [34.7771608, 32.1051605], [34.7771643, 32.1051368], [34.777183, 32.105108], [34.7772228, 32.105091], [34.7772035, 32.105033], [34.7771529, 32.1050326], [34.7771299, 32.1050253], [34.7771133, 32.1050136], [34.7771021, 32.105001], [34.7770753, 32.1049622], [34.7770392, 32.1049644], [34.7769879, 32.1049827], [34.7768838, 32.1050403], [34.77682, 32.105108], [34.7767634, 32.105181], [34.7767229, 32.1052577], [34.7767143, 32.1052853], [34.7767169, 32.1053013], [34.7767427, 32.1054566], [34.7767538, 32.1055256], [34.7767438, 32.1055792], [34.7767015, 32.1056661], [34.7766479, 32.1057365], [34.7766039, 32.1057927], [34.7765144, 32.105854], [34.7764484, 32.1058852], [34.776328, 32.1059036], [34.7762939, 32.1058956], [34.7762761, 32.1058545], [34.7759064, 32.1059394], [34.77587, 32.1059291], [34.7758475, 32.105915], [34.7758371, 32.1058948], [34.775836, 32.1058643], [34.7758375, 32.1058417], [34.7758586, 32.1058243], [34.7761649, 32.1057178], [34.7762123, 32.1057053], [34.7761779, 32.1056218], [34.776114, 32.1054966], [34.7759966, 32.1053613], [34.7759085, 32.1053048], [34.7758112, 32.1052682], [34.7756947, 32.1052544], [34.7756178, 32.1052507], [34.7755393, 32.105259], [34.7749863, 32.1059328], [34.7750332, 32.1060142], [34.7750565, 32.1060545], [34.775074, 32.106077], [34.7750735, 32.1060926], [34.7750627, 32.1061285], [34.7750185, 32.106171], [34.774989, 32.106188], [34.7749735, 32.1061884], [34.774862, 32.1061632], [34.774808, 32.1061783], [34.7747655, 32.1062074], [34.774694, 32.106273], [34.7737636, 32.107404], [34.773687, 32.1074971], [34.7736761, 32.10756], [34.7737121, 32.1076623], [34.7736926, 32.1077182], [34.773663, 32.1077603], [34.7736274, 32.1077846], [34.7734322, 32.1078288], [34.7733062, 32.108088], [34.7733456, 32.1083748], [34.7734613, 32.1086778], [34.7737034, 32.10898], [34.7737304, 32.1090898], [34.7736798, 32.1091737], [34.7735988, 32.1092349], [34.7734888, 32.1092493], [34.7733662, 32.1092083], [34.7732957, 32.1091389], [34.7730668, 32.1082865], [34.7730787, 32.1080777], [34.7730914, 32.1079576], [34.773178, 32.1078355], [34.7732053, 32.1077119], [34.7732546, 32.1076055], [34.7741427, 32.1066045], [34.7744178, 32.1062623], [34.7746546, 32.1060179], [34.774703, 32.1059938], [34.7747272, 32.1059649], [34.7747329, 32.1059101], [34.7759404, 32.1045282], [34.7760478, 32.104465], [34.775966, 32.1034009], [34.7758794, 32.1027154], [34.7758542, 32.1025154], [34.7758365, 32.1024922], [34.775801, 32.102414], [34.77579, 32.10242], [34.775778, 32.102425], [34.775767, 32.102429], [34.775754, 32.102432], [34.775742, 32.102434], [34.775729, 32.102436], [34.775717, 32.102436], [34.775704, 32.102436], [34.775691, 32.102434], [34.7756763, 32.1024311], [34.775667, 32.102428], [34.775655, 32.102424], [34.775644, 32.102419], [34.775632, 32.102413], [34.775619, 32.102406], [34.775607, 32.102398], [34.775595, 32.102389], [34.775584, 32.10238], [34.775574, 32.102371], [34.775564, 32.102361], [34.775555, 32.102351], [34.775546, 32.10234], [34.775538, 32.102329]]}}, {"type": "Feature", "properties": {"osm_id": 103765234, "tags": {"natural": "coastline"}}, "geometry": {"type": "LineString", "coordinates": [[34.747996, 32.0513754], [34.7479423, 32.05138], [34.7478297, 32.0513527], [34.7477653, 32.0512936], [34.7478028, 32.051239], [34.747835, 32.0512254], [34.7478887, 32.0512345], [34.7479638, 32.0512754], [34.7480174, 32.0512845], [34.747996, 32.0513754]]}}, {"type": "Feature", "properties": {"osm_id": 119301138, "tags": {"natural": "coastline", "source": "PGS"}}, "geometry": {"type": "LineString", "coordinates": [[34.6573228, 31.8482294], [34.6572874, 31.8481445], [34.6572144, 31.8480959], [34.6569407, 31.8481512], [34.6564719, 31.8482177], [34.6562397, 31.8482425], [34.6559436, 31.8482677], [34.655647, 31.8483232], [34.6550312, 31.8483763], [34.6543054, 31.8484134], [34.6527411, 31.8484603], [34.6510187, 31.8484609], [34.6487088, 31.8484591], [34.6455377, 31.8484526], [34.6451818, 31.8484622], [34.644816, 31.8484861], [34.6447828, 31.8485099], [34.6446422, 31.8485187], [34.6440392, 31.8484998], [34.6437053, 31.848473], [34.6433711, 31.8483756], [34.6431163, 31.8482272], [34.6428873, 31.8480221], [34.6427104, 31.8477948], [34.6426154, 31.8475614], [34.6425246, 31.8472233]]}}, {"type": "Feature", "properties": {"osm_id": 152438910, "tags": {"natural": "coastline", "source": "PGS"}}, "geometry": {"type": "LineString", "coordinates": [[35.0429186, 32.8249015], [35.0418036, 32.8244638], [35.0404431, 32.8239527], [35.039592, 32.8237324], [35.0381123, 32.8233911]]}}, {"type": "Feature", "properties": {"osm_id": 179585215, "tags": {"natural": "coastline", "source": "PGS"}}, "geometry": {"type": "LineString", "coordinates": [[34.7689598, 32.0871435], [34.768258, 32.0872279], [34.7678702, 32.0872768], [34.7673728, 32.0873334], [34.7673435, 32.0873429], [34.7673089, 32.0873581], [34.7672833, 32.0873752], [34.7672562, 32.0873937], [34.7672167, 32.0874055], [34.7671748, 32.0874054], [34.7671353, 32.0873934], [34.7671029, 32.0873709], [34.7670812, 32.0873404], [34.7670726, 32.0873056], [34.7670788, 32.0872705], [34.767088, 32.0872524], [34.7671077, 32.0872304], [34.7671274, 32.0872159], [34.7671582, 32.0872051], [34.7671987, 32.0872016], [34.7672333, 32.0872022], [34.7672684, 32.0872129], [34.767306, 32.0872206], [34.7673423, 32.0872236], [34.7674828, 32.0872067], [34.7682378, 32.0871145], [34.7682216, 32.087049], [34.7680091, 32.0861826], [34.7678397, 32.0854919], [34.7675479, 32.0851434], [34.7675291, 32.085121], [34.7672359, 32.0852399], [34.7669496, 32.0853682], [34.7668457, 32.0854374], [34.766738, 32.0855278], [34.7666478, 32.0856009], [34.7665699, 32.0857021], [34.7665149, 32.0857839], [34.7664691, 32.0859022], [34.766399, 32.086116], [34.7663893, 32.0861914], [34.7663895, 32.0862658], [34.7663918, 32.0864043], [34.7664043, 32.0864926], [34.766711, 32.087717], [34.7667179, 32.0877368], [34.766813, 32.087836], [34.766828, 32.0878839], [34.7668296, 32.0879192], [34.7668194, 32.0879436], [34.7668039, 32.0879605], [34.7667785, 32.0879742], [34.7667482, 32.0879865], [34.7667261, 32.087992], [34.7667123, 32.087991], [34.7666986, 32.0879879], [34.7666758, 32.087974], [34.7666622, 32.087956], [34.7666376, 32.0879328], [34.7666214, 32.087919], [34.7666101, 32.0879046], [34.7666095, 32.0878913], [34.7666097, 32.0878761], [34.7666031, 32.0878587], [34.7665889, 32.0878373], [34.7665714, 32.0878286], [34.7664832, 32.087708], [34.7662238, 32.0866025], [34.7662061, 32.0864667], [34.7661924, 32.0861396], [34.7662429, 32.0859176], [34.7663136, 32.0857535], [34.766382, 32.0856206], [34.7664177, 32.085548], [34.7665157, 32.0853985], [34.7665755, 32.0853793], [34.7666213, 32.0853488], [34.7666594, 32.0853208], [34.7667149, 32.0852919], [34.7667795, 32.0852525], [34.7669075, 32.0851833], [34.7670375, 32.0851348], [34.7674181, 32.0849938], [34.7680218, 32.0847701]]}}, {"type": "Feature", "properties": {"osm_id": 179585220, "tags": {"natural": "coastline", "source": "PGS"}}, "geometry": {"type": "LineString", "coordinates": [[34.7680218, 32.0847701], [34.7679798, 32.08465], [34.7675483, 32.0840211], [34.7670439, 32.0837771], [34.7665769, 32.0837543], [34.7669468, 32.0835271], [34.7671288, 32.0832314], [34.7671079, 32.0826974], [34.7669091, 32.0823087], [34.7665634, 32.0818817], [34.7663653, 32.0817637], [34.7663406, 32.0814838], [34.7665509, 32.0810553], [34.7663393, 32.0802325], [34.7660842, 32.0798427], [34.7658837, 32.0794938], [34.7656391, 32.0791516], [34.7655885, 32.0784089], [34.7653755, 32.0780366], [34.7647629, 32.0775387], [34.7647353, 32.0775351], [34.7646237, 32.0775669], [34.7646133, 32.0774644], [34.7647992, 32.0773939], [34.7649156, 32.0773129], [34.7650216, 32.0771983], [34.7651446, 32.0768232], [34.7651231, 32.0763134], [34.7649234, 32.075888], [34.7644467, 32.0753064], [34.7640487, 32.0751144], [34.7639752, 32.0747239], [34.7640329, 32.0741446], [34.7636252, 32.0733502], [34.7632666, 32.0731197], [34.7634659, 32.072804], [34.7633025, 32.0722027], [34.7632298, 32.0718331], [34.7629041, 32.0709925], [34.7628688, 32.0709014], [34.7628624, 32.0699051], [34.7626237, 32.0693442], [34.7624265, 32.0691425], [34.7616845, 32.0687416], [34.7613528, 32.0686869], [34.7612836, 32.068647], [34.7612064, 32.0686266], [34.761409, 32.0682742], [34.7613997, 32.0681877], [34.7610581, 32.0671767], [34.7610104, 32.0666507], [34.7607244, 32.0659952], [34.7605233, 32.0652846], [34.7603747, 32.0646336], [34.7603146, 32.0645214], [34.7600088, 32.0642168], [34.7594498, 32.0630066], [34.7596804, 32.0624995], [34.7598121, 32.0622109], [34.7582265, 32.0599826], [34.7582297, 32.0597201], [34.7581158, 32.0594616], [34.7574175, 32.058265], [34.757297, 32.0580541], [34.7569065, 32.0576282], [34.7561989, 32.0569097], [34.7544224, 32.0556572], [34.7538641, 32.0557989], [34.7531767, 32.0557793], [34.751643, 32.0553265], [34.7511556, 32.0550712], [34.7509042, 32.0548158], [34.7507291, 32.0546237], [34.7507531, 32.0545332], [34.7504342, 32.0541638], [34.7504053, 32.054128], [34.7503763, 32.0540922], [34.7502551, 32.0539766], [34.7502039, 32.0539157], [34.7501816, 32.0538892], [34.750003, 32.053817], [34.749854, 32.0536581], [34.7496909, 32.0533298], [34.7496686, 32.0532887], [34.7496222, 32.0529627], [34.7495939, 32.0525317], [34.7495766, 32.0522318], [34.7495444, 32.0518443], [34.7495316, 32.0518221], [34.749435, 32.0516489], [34.7491011, 32.0516476], [34.7487719, 32.0516485], [34.7485222, 32.051646], [34.7485237, 32.0514802], [34.7484793, 32.0514857], [34.7484761, 32.0513051], [34.7484458, 32.051305], [34.7484365, 32.0516471], [34.7483679, 32.0516495], [34.7483771, 32.0520315], [34.748416, 32.052263], [34.7497464, 32.0545939], [34.7502056, 32.0557061], [34.7500551, 32.0557576], [34.7495981, 32.0547355], [34.7484616, 32.0527743], [34.748198, 32.052269], [34.7481162, 32.0517552], [34.7481011, 32.0515656], [34.7482966, 32.0513866], [34.7482949, 32.0513014], [34.74828, 32.0505296], [34.7473544, 32.0490539], [34.7469153, 32.0483489], [34.7456635, 32.0480202]]}}, {"type": "Feature", "properties": {"osm_id": 179641671, "tags": {"natural": "coastline"}}, "geometry": {"type": "LineString", "coordinates": [[34.7682113, 32.0908356], [34.7680326, 32.0904333], [34.7687717, 32.0903456], [34.7690512, 32.0902154], [34.7693055, 32.0900065], [34.7695085, 32.0896932], [34.7696223, 32.0887868], [34.7694899, 32.088152], [34.769337, 32.087707], [34.769216, 32.087432], [34.769075, 32.087204], [34.769055, 32.08718], [34.769033, 32.087154], [34.7689598, 32.0871435]]}}, {"type": "Feature", "properties": {"osm_id": 180350007, "tags": {"man_made": "wharf", "natural": "coastline"}}, "geometry": {"type": "LineString", "coordinates": [[34.7727994, 32.0987905], [34.7731307, 32.0987281], [34.7733521, 32.0986987], [34.773377, 32.0986954], [34.7733834, 32.0987141], [34.7736665, 32.0986675], [34.7737088, 32.0986587], [34.7735397, 32.0980164], [34.773554, 32.0980138], [34.7732046, 32.0966996], [34.7731277, 32.0967139], [34.7725583, 32.0968216], [34.7725922, 32.0969482], [34.7727579, 32.0975666], [34.7728097, 32.0975891], [34.7729401, 32.0981179]]}}, {"type": "Feature", "properties": {"osm_id": 180350008, "tags": {"man_made": "breakwater", "natural": "coastline", "source": "Bing"}}, "geometry": {"type": "LineString", "coordinates": [[34.7728193, 32.0988169], [34.7723817, 32.098942], [34.7723345, 32.0989509], [34.7723233, 32.0989222], [34.7723566, 32.098895], [34.7727994, 32.0987905]]}}, {"type": "Feature", "properties": {"osm_id": 180350009, "tags": {"man_made": "breakwater", "natural": "coastline", "source": "Bing"}}, "geometry": {"type": "LineString", "coordinates": [[34.7729401, 32.0981179], [34.7728149, 32.0982001], [34.7728081, 32.0982196], [34.772805, 32.0982376], [34.7727981, 32.0982536], [34.772794, 32.0982672], [34.7727871, 32.0982816], [34.7727781, 32.0982966], [34.7727691, 32.0983106], [34.7727581, 32.0983256], [34.7727471, 32.0983386], [34.7727341, 32.0983516], [34.7727211, 32.0983636], [34.7727071, 32.0983756], [34.7726931, 32.0983866], [34.7726781, 32.0983976], [34.7726621, 32.0984076], [34.7726461, 32.0984166], [34.7726291, 32.0984246], [34.7726121, 32.0984326], [34.7718826, 32.0986423], [34.7718685, 32.0986055], [34.772574, 32.0983994], [34.7726271, 32.098377], [34.7726763, 32.0983481], [34.7727163, 32.098312], [34.772742, 32.0982759], [34.7727642, 32.0982433], [34.7727731, 32.0981988], [34.7727835, 32.0981225], [34.7727812, 32.098112], [34.7726745, 32.09763], [34.7726064, 32.0975508], [34.7724136, 32.0967965], [34.772404, 32.0967625]]}}, {"type": "Feature", "properties": {"osm_id": 180350010, "tags": {"natural": "coastline"}}, "geometry": {"type": "LineString", "coordinates": [[34.772404, 32.0967625], [34.7722234, 32.0960329], [34.7722035, 32.0960356], [34.7720736, 32.0955048], [34.7720475, 32.095427], [34.772008, 32.095434], [34.7719024, 32.095073], [34.7720053, 32.0950487], [34.772069, 32.094995], [34.7720072, 32.094843], [34.7719682, 32.0947782], [34.7719085, 32.0947135], [34.7718375, 32.0946521], [34.7715631, 32.0945035], [34.7708724, 32.094268], [34.7704962, 32.0941953], [34.76998, 32.0942873], [34.7695837, 32.0944136], [34.7693901, 32.0938909], [34.7693151, 32.09368], [34.7698573, 32.0934695], [34.7701927, 32.0932252], [34.7703657, 32.0929329], [34.770565, 32.0926617], [34.7706576, 32.0923158], [34.7706738, 32.0921759], [34.7706139, 32.0917403], [34.770184, 32.0911039], [34.7697603, 32.090806], [34.7691744, 32.0906306], [34.7687405, 32.0906291], [34.7682113, 32.0908356]]}}, {"type": "Feature", "properties": {"osm_id": 180350040, "tags": {"man_made": "seawall", "natural": "coastline"}}, "geometry": {"type": "LineString", "coordinates": [[34.775538, 32.102329], [34.7749745, 32.1014549], [34.774928, 32.1014619], [34.7748882, 32.1014509], [34.7748523, 32.1014217], [34.7747018, 32.1011621], [34.774639, 32.1009723], [34.7735791, 32.0997362], [34.7728193, 32.0988169]]}}, {"type": "Feature", "properties": {"osm_id": 200205758, "tags": {"boundary": "administrative", "natural": "coastline", "source": "PGS"}}, "geometry": {"type": "LineString", "coordinates": [[34.9828943, 32.8364721], [34.9820795, 32.8365473], [34.9811311, 32.8365738], [34.9809429, 32.8365243], [34.9806803, 32.8364479], [34.9805329, 32.8364334], [34.9803471, 32.8364627], [34.9802841, 32.8365118], [34.9802078, 32.8365561], [34.9801822, 32.8365707], [34.9801566, 32.8365799], [34.9801203, 32.836591], [34.9800471, 32.8366015], [34.9800248, 32.8366017], [34.9800033, 32.8365963], [34.9799834, 32.8365809], [34.9799703, 32.8365619], [34.9799603, 32.8365285], [34.9799664, 32.8364943], [34.9799975, 32.8364135], [34.9800541, 32.8363582], [34.9800778, 32.8362811], [34.980146, 32.8361873], [34.9802153, 32.836067], [34.9802871, 32.8360018], [34.9802562, 32.8359662], [34.9801748, 32.8359011], [34.9800752, 32.8358381], [34.9799989, 32.8357997], [34.9796541, 32.8362589], [34.9796145, 32.8363038], [34.9795869, 32.8363287], [34.9795177, 32.8362988], [34.97949, 32.8362705], [34.9794821, 32.836234], [34.9798157, 32.8358475], [34.9798264, 32.835776], [34.9798306, 32.8356908], [34.9797765, 32.8356397], [34.9797315, 32.8356044], [34.9796816, 32.8355804], [34.979624, 32.8355477], [34.9795341, 32.8354964], [34.9794931, 32.8354834], [34.9794359, 32.8354627], [34.979321, 32.8353824], [34.9791077, 32.8352843], [34.978976, 32.8352341], [34.9788694, 32.8352202], [34.9788289, 32.8352384], [34.9787697, 32.835316], [34.9787871, 32.8353411], [34.9787696, 32.835382], [34.9786995, 32.8354212], [34.9786709, 32.835435], [34.9786519, 32.8354399], [34.9786282, 32.8354315], [34.978608, 32.8354133], [34.9786009, 32.8353739], [34.9785978, 32.8353356], [34.978589, 32.8353129], [34.9785156, 32.8353047], [34.9784143, 32.8352967], [34.9782484, 32.8353031], [34.9781556, 32.8353104], [34.9780628, 32.8353267], [34.9779729, 32.8353505], [34.9779171, 32.835371], [34.9778538, 32.8353904], [34.9777917, 32.8354158], [34.9777161, 32.835459], [34.9777225, 32.8356072], [34.977759, 32.835818], [34.9778337, 32.8359613], [34.9779614, 32.8361676], [34.9780182, 32.836226], [34.9779952, 32.8362558], [34.9779569, 32.8362593], [34.9779175, 32.8362568], [34.9778711, 32.8362395], [34.9778242, 32.8361963], [34.9777835, 32.8361385], [34.9777468, 32.836069], [34.9776796, 32.8359579], [34.9776247, 32.8359124], [34.9775871, 32.8359077], [34.9775902, 32.8357661], [34.9776041, 32.8357059], [34.9776151, 32.8356431], [34.9775766, 32.8355059], [34.9775733, 32.8353958], [34.9775848, 32.8353064], [34.9775979, 32.8352637], [34.9776126, 32.835239], [34.9776268, 32.8351881], [34.9775821, 32.8350577], [34.9775549, 32.8350014], [34.9772245, 32.8348136], [34.9770768, 32.8347324], [34.9769901, 32.8346607], [34.9769535, 32.8346085], [34.9769753, 32.8345623], [34.9770056, 32.834528], [34.9770614, 32.8344921], [34.9770985, 32.8344383], [34.9770831, 32.8344124], [34.9770368, 32.8343777], [34.9770025, 32.8343567], [34.9768956, 32.8343129], [34.9765821, 32.8341843], [34.9765549, 32.8341755], [34.9765761, 32.8341185], [34.9766286, 32.8340201], [34.9765912, 32.8340027], [34.9765349, 32.8339708], [34.9764821, 32.8339393], [34.9764156, 32.8339171], [34.976345, 32.8338968], [34.9763068, 32.8338912], [34.976283, 32.8338767], [34.976167, 32.8338333], [34.9760986, 32.8337747], [34.9760382, 32.8337511], [34.9757713, 32.8336553], [34.9757391, 32.833626], [34.975707, 32.8336091], [34.9756319, 32.8335798], [34.9756305, 32.8335358], [34.975605, 32.8335234], [34.9754937, 32.8334693], [34.9754025, 32.8334446], [34.9752966, 32.8333995], [34.9752443, 32.8333826], [34.9751786, 32.8333617], [34.9751142, 32.8333623], [34.974972, 32.8333127], [34.9749291, 32.8332868], [34.9747921, 32.8332142], [34.9747109, 32.8332044], [34.9738024, 32.8328772], [34.9729466, 32.8325241], [34.9726847, 32.8324278], [34.9726208, 32.8324139], [34.9725682, 32.8324118], [34.9725121, 32.8324212], [34.9724801, 32.8324414], [34.9724797, 32.8324718], [34.9724653, 32.8325908], [34.9724557, 32.8326211], [34.9724245, 32.8326412], [34.9723741, 32.8326775], [34.972314, 32.8326775], [34.9721604, 32.8326392], [34.9719779, 32.832615], [34.9719203, 32.8325787], [34.9719067, 32.8324896], [34.9719137, 32.8323436], [34.9719829, 32.8323374], [34.971989, 32.8323272], [34.9719441, 32.8322681], [34.9717996, 32.8321763], [34.9715122, 32.8320825], [34.9709215, 32.8318776], [34.9707272, 32.8318102], [34.9704631, 32.8317375], [34.9702087, 32.8316306], [34.969964, 32.8315711], [34.9692537, 32.8314351], [34.9689599, 32.8314175], [34.9686661, 32.8314219], [34.9684772, 32.831488], [34.968388, 32.8316159], [34.968409, 32.8316997], [34.9684667, 32.8318892], [34.9684615, 32.8320039]]}}, {"type": "Feature", "properties": {"osm_id": 200205763, "tags": {"natural": "coastline", "source": "PGS"}}, "geometry": {"type": "LineString", "coordinates": [[35.0279047, 32.8067684], [35.0280096, 32.8070629], [35.028157, 32.8070487], [35.0282433, 32.8075139], [35.0280081, 32.8075119], [35.0279004, 32.8073523], [35.0280303, 32.8083603], [35.0278468, 32.8084909], [35.0279164, 32.8086133], [35.0279707, 32.8088322], [35.0279682, 32.8089608], [35.0279599, 32.8121064], [35.0257085, 32.8139075], [35.0254815, 32.8137156], [35.0252883, 32.8136932], [35.025258, 32.8137039], [35.0252881, 32.8142409], [35.0247918, 32.8146766], [35.0246971, 32.8145979], [35.024831, 32.814477], [35.0248947, 32.8145286], [35.0252122, 32.8142469], [35.0252379, 32.8142078], [35.0252021, 32.8136521], [35.0251241, 32.8136563], [35.0249215, 32.813898], [35.0249018, 32.8139734], [35.0248022, 32.8141155], [35.0246345, 32.8142147], [35.0244949, 32.8142706], [35.0243169, 32.8142183], [35.0239699, 32.8141164], [35.0238913, 32.8141701], [35.0233832, 32.8142766], [35.0233607, 32.8142813], [35.0233348, 32.8143192], [35.0232943, 32.8143061], [35.0230485, 32.814833], [35.023066, 32.8148558], [35.0230458, 32.8148992], [35.0229959, 32.8149278], [35.0229538, 32.8149122], [35.0229041, 32.8149582], [35.0229061, 32.8149951], [35.0228652, 32.8149932], [35.0228218, 32.8149596], [35.0228931, 32.8148914], [35.022892, 32.8148459], [35.0229084, 32.8148234], [35.0229411, 32.8148039], [35.0229671, 32.8147861], [35.0231747, 32.8143514], [35.0231309, 32.8142536], [35.0232451, 32.8142091], [35.0236163, 32.8134559], [35.0235703, 32.8134413], [35.0235756, 32.8134314], [35.0233846, 32.813369], [35.023144, 32.8133261], [35.0223927, 32.813234], [35.0196095, 32.8127341], [35.0195915, 32.8127645], [35.019593, 32.8128351], [35.0196382, 32.8132364], [35.0197153, 32.8136024], [35.019781, 32.8138128], [35.0198184, 32.8139327], [35.0199545, 32.8140987], [35.0200158, 32.8141175], [35.0200473, 32.814164], [35.0200883, 32.8141658], [35.0201326, 32.8141692], [35.0201716, 32.81419], [35.0201887, 32.8142236], [35.0201683, 32.8142518], [35.020166, 32.8142853], [35.0201897, 32.8143247], [35.0204594, 32.8144876], [35.0205438, 32.8145107], [35.0214095, 32.8148336], [35.0214595, 32.8148289], [35.021507, 32.8148103], [35.0215397, 32.8148214], [35.0215471, 32.8148415], [35.0215597, 32.8148704], [35.0215781, 32.8148925], [35.022074, 32.815145], [35.022337, 32.8153135], [35.022398, 32.8153377], [35.0224463, 32.815347], [35.0224681, 32.8153276], [35.0224672, 32.8152777], [35.0225048, 32.8152478], [35.0225259, 32.815275], [35.0225014, 32.8152977], [35.022506, 32.8153413], [35.0224203, 32.815415], [35.022553, 32.8155241], [35.0228737, 32.815851], [35.0229256, 32.8158688], [35.0229571, 32.8158928], [35.0229661, 32.8159454], [35.0229534, 32.8159947], [35.022897, 32.8160336], [35.0228061, 32.8160224], [35.0227499, 32.8159773], [35.0226767, 32.8158537], [35.0224452, 32.8155935], [35.0220974, 32.8152946], [35.0217837, 32.8151182], [35.0215438, 32.8150142], [35.0203393, 32.8145576], [35.0200176, 32.8143482], [35.0197337, 32.8140479], [35.0195624, 32.8137182], [35.0192897, 32.8124323], [35.0192335, 32.8123771], [35.0191517, 32.8123391], [35.0190063, 32.8123142], [35.0180833, 32.8124294], [35.0177297, 32.812353], [35.0162498, 32.8202218], [35.0155511, 32.8210499], [35.0129023, 32.8207004], [35.0140489, 32.8144954], [35.0134765, 32.8144378], [35.0132358, 32.8144468], [35.0119655, 32.8142248], [35.011442, 32.8141333], [35.0094278, 32.8228074], [35.0084545, 32.8229365], [35.0081475, 32.8228037], [35.0070985, 32.8223784], [35.0070871, 32.8224]]}}, {"type": "Feature", "properties": {"osm_id": 203177218, "tags": {"natural": "coastline", "source": "PGS"}}, "geometry": {"type": "LineString", "coordinates": [[34.7424309, 32.0331262], [34.7423737, 32.0330128], [34.7423233, 32.0327971], [34.742316, 32.0325503], [34.7422068, 32.0321925], [34.741974, 32.031736], [34.7416901, 32.0312732], [34.7413627, 32.0308229], [34.7410133, 32.0304897], [34.7408008, 32.0302786], [34.7406713, 32.0302738], [34.740715, 32.0297309], [34.7408314, 32.0291756], [34.7405039, 32.028207], [34.7403365, 32.0274666], [34.7398923, 32.0267071], [34.7396379, 32.026356], [34.7394066, 32.0258468], [34.7392733, 32.0253581], [34.7392469, 32.0252613], [34.7393481, 32.0248551], [34.7391935, 32.0244505], [34.7391096, 32.0242071], [34.7388975, 32.0238325], [34.7388621, 32.0237164], [34.7387561, 32.0235328], [34.7386766, 32.0233043], [34.7386677, 32.023147], [34.7387208, 32.0229073], [34.7387031, 32.0226788], [34.7386324, 32.0222105], [34.7384954, 32.0219558], [34.7383894, 32.0218622], [34.7382188, 32.0217701], [34.7384347, 32.0216121], [34.7385782, 32.0212264], [34.7386157, 32.0210513], [34.738656, 32.0208717], [34.7386645, 32.0207311], [34.7386468, 32.0203345], [34.7385272, 32.0195117], [34.7382751, 32.0187476], [34.7379497, 32.018086], [34.7376212, 32.0170903], [34.7373739, 32.0158002], [34.7372505, 32.0154682], [34.7371808, 32.0153727], [34.7370355, 32.0153149], [34.737052, 32.0151134], [34.736816, 32.0145175], [34.7366711, 32.0137898], [34.7363654, 32.0130711], [34.7361882, 32.0123862], [34.7361132, 32.012084], [34.7359873, 32.0117786], [34.7358668, 32.0113811], [34.7357396, 32.0109268], [34.735622, 32.010663], [34.735532, 32.0104612]]}}, {"type": "Feature", "properties": {"osm_id": 203270326, "tags": {"boundary": "administrative", "natural": "coastline", "source": "PGS"}}, "geometry": {"type": "LineString", "coordinates": [[34.9684615, 32.8320039], [34.9682358, 32.8318275], [34.9679315, 32.8316953], [34.967643, 32.8316379], [34.9674803, 32.8316468], [34.9673143, 32.8316816], [34.9670865, 32.8316814], [34.9664975, 32.8315005], [34.9664179, 32.8314861], [34.9658347, 32.8313454], [34.965697, 32.8312779], [34.9654134, 32.8311719], [34.965312, 32.8311445], [34.9651888, 32.8311225], [34.9649142, 32.8310516], [34.9647804, 32.8310415], [34.964536, 32.8309579], [34.9632777, 32.8304035], [34.9621558, 32.8296026], [34.9620482, 32.8295184], [34.961987, 32.8294823], [34.9618914, 32.829441], [34.9617476, 32.8293568], [34.961687, 32.8292781], [34.9616523, 32.8291885], [34.9615841, 32.8291015], [34.9615118, 32.8290684], [34.9614293, 32.8290201], [34.9612975, 32.8288049], [34.9610321, 32.8285077], [34.9608901, 32.8283168], [34.9607362, 32.8282231], [34.9605179, 32.8279831], [34.9604787, 32.8278262], [34.9604182, 32.8277406], [34.9595364, 32.8269512], [34.9587729, 32.8262654], [34.9586274, 32.8261553], [34.9584947, 32.826123], [34.958351, 32.8261093], [34.9580902, 32.8260347]]}}, {"type": "Feature", "properties": {"osm_id": 203270327, "tags": {"natural": "coastline", "source": "PGS"}}, "geometry": {"type": "LineString", "coordinates": [[34.9580902, 32.8260347], [34.9579775, 32.8260083], [34.9579054, 32.8259687], [34.9577713, 32.8259039], [34.9576367, 32.8258798], [34.9573231, 32.8258555], [34.9572057, 32.8258533], [34.9570802, 32.825872], [34.957002, 32.8258895], [34.9569156, 32.8259544], [34.9568174, 32.8260588], [34.9569091, 32.826116], [34.9567395, 32.8263077], [34.9565717, 32.8262028], [34.9564825, 32.8263038], [34.9562978, 32.8261884], [34.9560737, 32.8261333], [34.9556923, 32.825843], [34.9549954, 32.8256553], [34.9548078, 32.8249495], [34.9544861, 32.8243413], [34.9545308, 32.8231851], [34.9542181, 32.8223141], [34.9542538, 32.8220213], [34.9541397, 32.8198979], [34.9540945, 32.8190567], [34.9540443, 32.8180613], [34.9542953, 32.8175045], [34.9542792, 32.8150028], [34.9542766, 32.8146054], [34.9543354, 32.8136491], [34.9544559, 32.8132948], [34.9550422, 32.8113603], [34.9555576, 32.8096595], [34.9559312, 32.8082901], [34.9560061, 32.8081266], [34.95595, 32.8077118], [34.9556754, 32.8070749], [34.9551622, 32.8063668], [34.9547107, 32.8061658], [34.9542413, 32.8060015], [34.9542997, 32.8053727], [34.954503, 32.805237], [34.9550874, 32.8050755], [34.9554355, 32.8049501], [34.9557185, 32.8048408], [34.9561341, 32.8045285], [34.9562051, 32.803543], [34.9562722, 32.8034035], [34.9563411, 32.8032812], [34.9564199, 32.8031807], [34.9565095, 32.802858], [34.9564459, 32.8022628], [34.9563846, 32.8015562], [34.9562955, 32.8013988], [34.9562207, 32.8006092], [34.9562743, 32.8004975], [34.9562076, 32.8002562], [34.9561852, 32.8001037], [34.9561796, 32.7997458], [34.9556102, 32.7968381], [34.9555777, 32.7966771], [34.9554225, 32.7966851], [34.9549433, 32.7967142], [34.9549315, 32.7966234], [34.9554999, 32.7965634], [34.9557065, 32.7965425], [34.9557053, 32.7963736], [34.9556395, 32.7956864], [34.9556532, 32.7941993], [34.9556473, 32.7940737], [34.9556444, 32.7938976], [34.9556032, 32.793416], [34.9555392, 32.7927489], [34.9554761, 32.7922101], [34.9552479, 32.7916722], [34.955183, 32.7913313], [34.9552725, 32.7909593], [34.9552313, 32.7903238], [34.9550603, 32.7896653], [34.9548393, 32.7882328], [34.9547201, 32.7873565], [34.9546019, 32.786377], [34.9543207, 32.7856213], [34.9543266, 32.7842716], [34.9543255, 32.7842663]]}}, {"type": "Feature", "properties": {"osm_id": 204893882, "tags": {"natural": "coastline", "source": "PGS"}}, "geometry": {"type": "LineString", "coordinates": [[34.5546399, 31.6797579], [34.5545381, 31.6793653], [34.554292, 31.6789824], [34.5539073, 31.6785753], [34.5536033, 31.6784733], [34.5528806, 31.6783394], [34.5525427, 31.6774973], [34.5521503, 31.6772661], [34.552006, 31.6771147], [34.5518315, 31.6766529], [34.5516075, 31.6749199], [34.5502394, 31.6730205], [34.5497211, 31.6721662], [34.5489377, 31.6706228], [34.5473836, 31.6687042], [34.5461052, 31.6667381], [34.5450624, 31.6655209], [34.5439234, 31.6636765], [34.5422, 31.6614315], [34.5409645, 31.6599178], [34.5377177, 31.6557533], [34.5338615, 31.6508364], [34.5315991, 31.6473269], [34.5304664, 31.6461079], [34.5304071, 31.6457261], [34.5299361, 31.6451899], [34.5295219, 31.6451414], [34.5287604, 31.6441441], [34.52853, 31.6437851], [34.5282333, 31.6434793], [34.5279011, 31.6433407], [34.527457, 31.6435277], [34.5274015, 31.6435293], [34.527382, 31.6434848], [34.5273983, 31.643453], [34.527659, 31.6433345], [34.5280049, 31.6430588], [34.5280524, 31.6428562], [34.5279704, 31.6426235], [34.5278299, 31.6424373], [34.5276854, 31.6423709], [34.5274862, 31.642331], [34.5273144, 31.642311], [34.5271465, 31.642208], [34.5262992, 31.6411807], [34.5262367, 31.6410511], [34.5262914, 31.6408849], [34.526182, 31.6406488], [34.5247643, 31.6393675], [34.5243247, 31.6390681], [34.5240331, 31.6388711], [34.5232267, 31.638489], [34.5226599, 31.6387506], [34.5225, 31.6387947], [34.5223221, 31.6388288], [34.5214864, 31.6392679], [34.5214728, 31.6393157], [34.5215724, 31.6393939], [34.5216073, 31.6394552], [34.5216144, 31.6395215], [34.5215964, 31.639593], [34.5215104, 31.6396526], [34.5214204, 31.6396679], [34.5213345, 31.6396594], [34.5212565, 31.6396339], [34.5211994, 31.6395526], [34.5208951, 31.6385187], [34.5209186, 31.6384407], [34.5210046, 31.6383828], [34.5210806, 31.638376], [34.5211725, 31.6383981], [34.5212145, 31.6384577], [34.5213092, 31.6387516], [34.5215284, 31.6387437], [34.521526, 31.6386379], [34.5228239, 31.6378671], [34.5228679, 31.6379113], [34.5224401, 31.6381871], [34.522552, 31.6383301], [34.522662, 31.6382841], [34.5227379, 31.6382994], [34.5231978, 31.6380815], [34.5237323, 31.6377428], [34.5237955, 31.6376441], [34.5237856, 31.6375573], [34.5237376, 31.6374807], [34.5236736, 31.6375215], [34.5234197, 31.6372271], [34.5235876, 31.6371147], [34.5235067, 31.6370176], [34.5233436, 31.6370358], [34.5232321, 31.6368824], [34.5233015, 31.6367696], [34.5232261, 31.6366978], [34.5230778, 31.6366177], [34.5228839, 31.6365581], [34.522646, 31.6365581], [34.5223983, 31.6366271], [34.5221491, 31.6367353], [34.5219523, 31.6368346], [34.5218252, 31.6368987], [34.5215553, 31.6370774], [34.5213534, 31.63728], [34.5212694, 31.6374093], [34.5212449, 31.6375054], [34.5211215, 31.6376204], [34.5210315, 31.6376306], [34.5209616, 31.6375966], [34.5209076, 31.637538], [34.5209016, 31.6374774], [34.5211655, 31.6371455], [34.5215154, 31.6368425], [34.5218238, 31.6366476], [34.5212948, 31.6360113], [34.5208696, 31.6354944], [34.5207057, 31.635491], [34.5204018, 31.6352374], [34.5201179, 31.6353991], [34.5200739, 31.63568], [34.5201457, 31.6357715], [34.5183726, 31.6368406], [34.5182806, 31.6367302], [34.5182066, 31.6367693], [34.5180646, 31.6367693], [34.5179307, 31.6367438], [34.5177807, 31.6367591], [34.5173749, 31.6370076], [34.5173449, 31.6370757], [34.5173493, 31.6370884], [34.517371, 31.6371517], [34.5178973, 31.6378269], [34.5179464, 31.6378492], [34.5179923, 31.6378548], [34.518042, 31.637849], [34.518475, 31.6375754], [34.5185108, 31.6375344], [34.5185139, 31.6374987], [34.5185057, 31.6374577], [34.5184386, 31.6373587], [34.5184446, 31.6373199], [34.5184806, 31.6372774], [34.5185252, 31.6372738], [34.5185646, 31.6372876], [34.5188744, 31.6376569], [34.5189024, 31.6376348], [34.5189504, 31.6376944], [34.5189162, 31.6377204], [34.5189305, 31.6377601], [34.5189172, 31.6377915], [34.5188873, 31.6378087], [34.5188536, 31.6378114], [34.5188134, 31.6377978], [34.5187268, 31.6376948], [34.5186787, 31.6376686], [34.5186224, 31.6376669], [34.5185603, 31.6376888], [34.5181363, 31.6379403], [34.518111, 31.6379844], [34.5181094, 31.638036], [34.5181323, 31.6380855], [34.5185425, 31.6384766], [34.5187259, 31.6387765], [34.5196349, 31.6399654], [34.5198474, 31.6401568], [34.5200348, 31.6402499], [34.5201126, 31.6403262], [34.5201254, 31.6404281], [34.5200941, 31.6405345], [34.5200348, 31.6406036], [34.5198942, 31.6406382], [34.5197616, 31.6406312], [34.5196171, 31.6405507], [34.5183125, 31.638897], [34.5179987, 31.6383625], [34.5169282, 31.6371361], [34.5168911, 31.6370247], [34.5169251, 31.6369157], [34.517001, 31.6368221], [34.517103, 31.636783], [34.5172509, 31.6367625], [34.5178243, 31.6364561], [34.5178467, 31.6361872], [34.5178167, 31.6359523], [34.5177028, 31.6357174], [34.5175088, 31.6352204], [34.517396, 31.6346525], [34.5174965, 31.6343863], [34.5176088, 31.6341702], [34.5182482, 31.6338544], [34.5187817, 31.6335531], [34.519383, 31.6335798], [34.5194017, 31.6334096], [34.5190331, 31.6333191], [34.5189144, 31.6329228], [34.5183361, 31.6322336], [34.5183583, 31.6320185], [34.5180678, 31.6317366], [34.5178382, 31.6317391], [34.5168148, 31.6303529], [34.51668, 31.6302033], [34.5162958, 31.6300102], [34.5160225, 31.6297826], [34.5156717, 31.6295881], [34.5153118, 31.6289584], [34.514981, 31.6286802], [34.5145477, 31.627754]]}}, {"type": "Feature", "properties": {"osm_id": 204893883, "tags": {"natural": "coastline", "source": "PGS"}}, "geometry": {"type": "LineString", "coordinates": [[34.5580366, 31.6834565], [34.557479, 31.6837103], [34.5571712, 31.6838109], [34.556372, 31.6838918], [34.5563101, 31.6839143], [34.556219, 31.6839319], [34.5561589, 31.6839216], [34.5560902, 31.6838793], [34.5560644, 31.6838076], [34.5560816, 31.6837536], [34.55614, 31.6837112], [34.5562087, 31.6837053], [34.556263, 31.6837401], [34.5565935, 31.6837299], [34.5565925, 31.6836542], [34.5564593, 31.6836565], [34.5564593, 31.6835873], [34.556379, 31.6835867], [34.5563812, 31.683552], [34.5565932, 31.6835481], [34.5565906, 31.6834889], [34.5563727, 31.683493], [34.5563688, 31.6834659], [34.55642, 31.6834645], [34.5563925, 31.6832581], [34.557365, 31.6826588], [34.5572641, 31.6825383], [34.5573584, 31.6824815], [34.5567685, 31.6817316], [34.5566912, 31.6817751], [34.5566595, 31.6817377], [34.5566237, 31.6816954], [34.5566148, 31.6816849], [34.5567336, 31.6816138], [34.5554983, 31.6800663], [34.5543175, 31.6807641], [34.5541774, 31.6806118], [34.5539728, 31.6809401], [34.5538923, 31.6812341], [34.5538654, 31.6814568], [34.5539023, 31.6816909], [34.554005, 31.681948], [34.5560861, 31.684988], [34.5561499, 31.6850422], [34.5562237, 31.6850993], [34.5562103, 31.6851707], [34.55617, 31.6852277], [34.5560895, 31.6852449], [34.5559956, 31.6852335], [34.5559023, 31.6851601], [34.5536949, 31.6819716], [34.5536272, 31.6817194], [34.5536105, 31.6814597], [34.5536339, 31.6811999], [34.5537264, 31.6809155], [34.553852, 31.6806832], [34.5540298, 31.6804063], [34.5546336, 31.680018], [34.5546399, 31.6797579]]}}, {"type": "Feature", "properties": {"osm_id": 219902026, "tags": {"floating": "yes", "man_made": "pier", "natural": "coastline", "source": "Bing"}}, "geometry": {"type": "LineString", "coordinates": [[35.0381123, 32.8233911], [35.03368, 32.8296988], [35.0333335, 32.8301027], [35.0330599, 32.8303714], [35.0328019, 32.830572], [35.0324113, 32.8308307], [35.0318459, 32.831125], [35.0311416, 32.8314189], [35.0305772, 32.8315677], [35.0301653, 32.8316398], [35.0297125, 32.8316817], [35.0234925, 32.8316853], [35.0235069, 32.8314942], [35.0262106, 32.8314631], [35.027291, 32.8242949], [35.0320074, 32.8248196], [35.0342379, 32.818713], [35.032786, 32.8179371], [35.0327646, 32.817856], [35.0323783, 32.8176126], [35.0315592, 32.8172961], [35.0286838, 32.8164575], [35.026717, 32.8158318], [35.0257971, 32.8162444], [35.0257584, 32.8161828], [35.0257267, 32.8161325], [35.0256513, 32.8160256], [35.0265821, 32.8156106], [35.027883, 32.8150698], [35.0305506, 32.815888], [35.0310442, 32.8146542], [35.0311338, 32.8144026], [35.0319303, 32.8125692], [35.0334204, 32.81305], [35.0359207, 32.813847], [35.0367525, 32.8118208], [35.0300463, 32.8095439], [35.0297651, 32.8086371], [35.0292388, 32.8087581], [35.0290057, 32.8087119], [35.0288378, 32.8085956], [35.0287237, 32.8082748], [35.0288211, 32.8082086], [35.0287412, 32.8078471], [35.0287216, 32.8073292], [35.0288511, 32.8072444], [35.0287807, 32.8070119], [35.0303946, 32.8066546], [35.0308851, 32.806546], [35.0312094, 32.8064742], [35.0319446, 32.8063114], [35.0313033, 32.8043646], [35.0310424, 32.8044226], [35.0304822, 32.8045473], [35.0300486, 32.8046437], [35.0296848, 32.8047247], [35.0295554, 32.8048681], [35.0295513, 32.8051343], [35.0295439, 32.8056185], [35.0295416, 32.8057658], [35.0292727, 32.8058232], [35.0288942, 32.8059039], [35.0286163, 32.8059632], [35.0285783, 32.8059927], [35.0285477, 32.8060469], [35.0285166, 32.8061568], [35.0283488, 32.8062197], [35.0282352, 32.8062019], [35.0281852, 32.8061732], [35.0281243, 32.8060887], [35.0278818, 32.8061431], [35.027512, 32.8062209], [35.0275434, 32.806582], [35.0279047, 32.8067684]]}}, {"type": "Feature", "properties": {"osm_id": 219905961, "tags": {"natural": "coastline", "source": "PGS"}}, "geometry": {"type": "LineString", "coordinates": [[35.0663185, 32.9190583], [35.0664745, 32.9190435], [35.0665579, 32.9191333], [35.0667406, 32.9191593], [35.0669259, 32.919103], [35.0670817, 32.9191243], [35.0673062, 32.9190949], [35.0674454, 32.9191188], [35.0675185, 32.9190903], [35.0676167, 32.9191234], [35.0676352, 32.9191805], [35.0677543, 32.9192047], [35.0678508, 32.9192804], [35.0679687, 32.9193214], [35.0681812, 32.9192955], [35.0683064, 32.9191501], [35.068258, 32.9190381], [35.068355, 32.9189496], [35.0685076, 32.9188878], [35.068523, 32.9190487], [35.0685894, 32.9190536], [35.0685827, 32.9191073], [35.0688989, 32.9192446], [35.0689247, 32.9192378], [35.0689065, 32.9189694], [35.069218, 32.9188934], [35.0702864, 32.9187904], [35.0703412, 32.9187951], [35.0704544, 32.9188157], [35.0705167, 32.9188427], [35.0705696, 32.918868], [35.0707564, 32.9190582], [35.0707564, 32.9190899], [35.0708036, 32.9191501], [35.0708376, 32.9191992], [35.0708319, 32.9192404], [35.0707847, 32.9192737], [35.0707319, 32.9192816], [35.070696, 32.9192546], [35.07063, 32.9191469], [35.0705865, 32.9191738], [35.0703883, 32.9189631], [35.0704185, 32.9189362], [35.0703883, 32.9189156], [35.0703355, 32.9189029], [35.070192, 32.918906], [35.0693558, 32.9189995], [35.0692274, 32.9190376], [35.0691463, 32.9190835], [35.0691217, 32.9191184], [35.0691029, 32.9191754], [35.0690953, 32.9192388], [35.0691029, 32.9193038], [35.0691368, 32.919421], [35.069167, 32.9195034], [35.0692312, 32.9195858], [35.0693237, 32.9196999], [35.0694351, 32.9198108], [35.0695559, 32.9198932], [35.069622, 32.919917], [35.0696597, 32.9198251], [35.0697654, 32.9198362], [35.0697711, 32.9199233], [35.0702732, 32.9199962], [35.0702505, 32.920104], [35.0702053, 32.9201327], [35.070232, 32.9202195], [35.0701681, 32.9202983], [35.0704414, 32.9205959], [35.0705932, 32.9205666], [35.0710189, 32.9210494], [35.0714349, 32.9213657], [35.0717116, 32.9216527], [35.0721629, 32.9215898], [35.072922, 32.921467], [35.0731031, 32.9214377], [35.0735222, 32.9213144], [35.0736067, 32.9213886], [35.0739759, 32.9212563], [35.0749898, 32.9208066], [35.0759817, 32.9204054], [35.076985, 32.9199275], [35.0772391, 32.9200059], [35.0782263, 32.9190516], [35.0785986, 32.9184921], [35.0791896, 32.9175921], [35.0800887, 32.9156406], [35.0805841, 32.9136], [35.0806761, 32.9113277], [35.0808537, 32.909084], [35.0808182, 32.9083833], [35.0807471, 32.9072684], [35.0804739, 32.9029323], [35.0798489, 32.8984173], [35.0784707, 32.8931939]]}}, {"type": "Feature", "properties": {"osm_id": 254721653, "tags": {"natural": "coastline", "source": "PGS"}}, "geometry": {"type": "LineString", "coordinates": [[34.735532, 32.0104612], [34.7348272, 32.0089014], [34.7346879, 32.0082979], [34.7344472, 32.0078575], [34.7343627, 32.0076226], [34.7338242, 32.0061259], [34.7335569, 32.005378], [34.7332279, 32.004728], [34.7331871, 32.0042395], [34.7329194, 32.003664], [34.7329176, 32.0036567]]}}, {"type": "Feature", "properties": {"osm_id": 277881961, "tags": {"natural": "coastline", "source": "PGS"}}, "geometry": {"type": "LineString", "coordinates": [[34.8293809, 32.2612732], [34.8288005, 32.2597146]]}}, {"type": "Feature", "properties": {"osm_id": 295422170, "tags": {"natural": "coastline"}}, "geometry": {"type": "LineString", "coordinates": [[34.933589, 32.7078831], [34.9335295, 32.707793], [34.9335295, 32.707633], [34.9336246, 32.7074863], [34.933803, 32.7073629], [34.9339892, 32.7073596], [34.9340606, 32.7074829], [34.9339853, 32.7076797], [34.9337871, 32.707823], [34.933692, 32.7078797], [34.933589, 32.7078831]]}}, {"type": "Feature", "properties": {"osm_id": 295422176, "tags": {"natural": "coastline"}}, "geometry": {"type": "LineString", "coordinates": [[34.9289171, 32.7008637], [34.9288171, 32.7007356], [34.9288388, 32.7006368], [34.928978, 32.7005636], [34.9290954, 32.7006441], [34.9290606, 32.7007905], [34.9289171, 32.7008637]]}}, {"type": "Feature", "properties": {"osm_id": 386066838, "tags": {"natural": "coastline", "source": "PGS"}}, "geometry": {"type": "LineString", "coordinates": [[34.6287636, 31.7967856], [34.6282715, 31.7969392], [34.6279872, 31.7970101], [34.6277042, 31.7970291], [34.6274488, 31.7970392], [34.6271721, 31.7970126], [34.6269244, 31.796933], [34.6267006, 31.7968417], [34.6265139, 31.7967186], [34.6262411, 31.7964767], [34.6261135, 31.7963344], [34.6260144, 31.7963524], [34.6258722, 31.7963196], [34.6258363, 31.7962642], [34.6258402, 31.7961888], [34.6258851, 31.7961383], [34.6258937, 31.7961287], [34.6260056, 31.796064], [34.6261621, 31.796072], [34.6262546, 31.7961422], [34.6263847, 31.7962866], [34.6264455, 31.7962434], [34.6265187, 31.7963326], [34.6265615, 31.7963632], [34.6267869, 31.7965246], [34.6270298, 31.796655], [34.6273567, 31.7967553], [34.6275921, 31.7967858], [34.6278396, 31.7967618], [34.6281132, 31.7967087], [34.6284528, 31.7966042], [34.6288306, 31.7964203], [34.6289559, 31.7963322], [34.6290388, 31.7960887], [34.6293179, 31.7961574], [34.6293489, 31.7960633], [34.6290661, 31.795996], [34.6290798, 31.7959528], [34.6293047, 31.7960096], [34.6293225, 31.7959614], [34.629095, 31.7959072], [34.6293929, 31.7950244], [34.6293599, 31.7949593], [34.6292844, 31.7949168], [34.6291994, 31.7948565], [34.6291018, 31.7947675], [34.6290242, 31.7946795], [34.6289466, 31.7945722], [34.6289259, 31.7945316], [34.6288988, 31.7944784], [34.628857, 31.794356], [34.6288218, 31.7942057], [34.6288197, 31.7940672], [34.6288375, 31.7939557], [34.6288131, 31.7939057], [34.6279169, 31.7935574], [34.6267843, 31.7930937], [34.6266177, 31.7932654], [34.6264681, 31.7934484], [34.6261412, 31.7939661], [34.6259848, 31.7942718], [34.6258664, 31.7945775], [34.6257623, 31.7948659], [34.6256874, 31.7951938], [34.6256199, 31.795524], [34.6255927, 31.7958406], [34.6255848, 31.7961995], [34.6256225, 31.7965584], [34.625507, 31.7965666], [34.6256784, 31.7972906], [34.6259254, 31.7979024], [34.6260418, 31.798175], [34.6261241, 31.7982058], [34.6261718, 31.7982716], [34.626178, 31.7983319], [34.6261312, 31.7983972], [34.6260425, 31.7984494], [34.6259528, 31.7984426], [34.62589, 31.7983944], [34.6258438, 31.7983448], [34.6258306, 31.7982867], [34.6258367, 31.7982469], [34.6256005, 31.7978582], [34.6253921, 31.7972711], [34.6252412, 31.7965013], [34.6252294, 31.7958354], [34.6253201, 31.7951101], [34.6254874, 31.794475], [34.6257627, 31.7938279], [34.6261757, 31.7931631], [34.6266213, 31.7927655], [34.6266993, 31.7926959], [34.6270731, 31.7924669]]}}, {"type": "Feature", "properties": {"osm_id": 386066841, "tags": {"natural": "coastline", "source": "PGS"}}, "geometry": {"type": "LineString", "coordinates": [[34.6270731, 31.7924669], [34.6262137, 31.7910094], [34.6252826, 31.7887436], [34.6246371, 31.7873244], [34.6140893, 31.7683082]]}}, {"type": "Feature", "properties": {"osm_id": 417321054, "tags": {"man_made": "pier", "natural": "coastline", "source": "PGS"}}, "geometry": {"type": "LineString", "coordinates": [[35.0006435, 32.8218586], [34.9992025, 32.8233904], [34.9914889, 32.8260865], [34.9919413, 32.8271002], [34.9921172, 32.8270356], [34.9921048, 32.8269768], [34.992184, 32.8269818], [34.9923002, 32.82722], [34.9941009, 32.8266366], [34.9941765, 32.8267739], [34.9921535, 32.8274442], [34.9923653, 32.8279168], [34.9914718, 32.8282349], [34.9914435, 32.8281844], [34.9908111, 32.8284073], [34.9906044, 32.8286916], [34.9909578, 32.8285644], [34.9909916, 32.8286149], [34.9905752, 32.828773], [34.9905799, 32.8287812], [34.9906348, 32.8288768], [34.990934, 32.8293977], [34.9920148, 32.8290047], [34.9920739, 32.8291265], [34.9905748, 32.8296629], [34.9906637, 32.8298356], [34.9914794, 32.8295506], [34.9916283, 32.8298302], [34.9914993, 32.8298681], [34.9916855, 32.8302516], [34.9924812, 32.8299614], [34.9939786, 32.8293426], [34.9941279, 32.8295814], [34.9943246, 32.8295132], [34.9943328, 32.8294696], [34.9945015, 32.8293232], [34.9943166, 32.8289465], [34.9943769, 32.8289192], [34.9945678, 32.8293118], [34.9947711, 32.8293205], [34.9949399, 32.8292704], [34.9950484, 32.8292069], [34.9950707, 32.8291146], [34.9948723, 32.8287259], [34.9949493, 32.8286975], [34.9951549, 32.8290982], [34.995334, 32.8290321], [34.9953748, 32.8290502], [34.9954106, 32.829128], [34.9958098, 32.8289834], [34.9964419, 32.8287544], [34.99686, 32.828591], [34.9967728, 32.8283926], [34.9972376, 32.8282587], [34.9967651, 32.8272742], [34.9969076, 32.8272224], [34.9973947, 32.8282035], [34.9980636, 32.8279341], [34.9980493, 32.8278401], [34.9982014, 32.8277748], [34.9977847, 32.8268925], [34.9979067, 32.8268448], [34.9983199, 32.8277585], [34.9988057, 32.8275338], [34.9983822, 32.8266754], [34.9985202, 32.8266249], [34.9989505, 32.8274911], [34.9998088, 32.8271799], [34.9993687, 32.8263016], [34.9995167, 32.8262534], [34.9999531, 32.827134], [35.0003913, 32.8269927], [35.0006768, 32.8272772], [35.0018773, 32.8268582], [35.0037481, 32.8261876], [35.0049574, 32.8257705], [35.0057676, 32.8255815], [35.0062984, 32.8254859], [35.0072238, 32.8254021], [35.0080698, 32.8253977], [35.0087414, 32.8254401], [35.0096493, 32.8254971], [35.0099999, 32.8255159], [35.0103222, 32.8255804], [35.01052, 32.8256769], [35.0123507, 32.8261102], [35.0145753, 32.8267073], [35.0160031, 32.8272718], [35.0162279, 32.8272961], [35.0164371, 32.8274576], [35.0166132, 32.8276749], [35.017816, 32.8292992], [35.018135, 32.8298209], [35.0184032, 32.8303448], [35.0186484, 32.8310754], [35.0187943, 32.831698], [35.0189488, 32.8327784], [35.0192932, 32.8348047], [35.0192725, 32.8349326], [35.0192125, 32.8350086], [35.0191346, 32.8350312], [35.0190272, 32.8350263], [35.0189139, 32.8349681], [35.0188638, 32.8348984], [35.0184296, 32.8321855], [35.0182488, 32.8312257], [35.0180379, 32.8305678], [35.0177348, 32.8299275], [35.0172721, 32.8292412], [35.0167961, 32.8286251], [35.0160765, 32.8277015], [35.0157743, 32.827474], [35.0154195, 32.8273143], [35.0153078, 32.8272276], [35.0145585, 32.8269252], [35.0126689, 32.8264197], [35.0104887, 32.8258687], [35.0102849, 32.8258921], [35.0099464, 32.825823], [35.0097655, 32.8257387], [35.0095405, 32.8256051], [35.008105, 32.8255386], [35.0072156, 32.8255448], [35.0062504, 32.8256421], [35.0050888, 32.825895], [35.0037606, 32.8263407], [35.001909, 32.8269892], [35.0007434, 32.8274023], [34.9987139, 32.8281513], [34.9977909, 32.8285252], [34.9982346, 32.8302416], [34.9986117, 32.8315479], [34.9987034, 32.831659], [34.9987483, 32.831771], [34.9987309, 32.8318623], [34.99866, 32.8319243], [34.9985646, 32.8319435], [34.9984711, 32.8319388], [34.9983907, 32.8318724], [34.9983659, 32.831791], [34.9983791, 32.8317285], [34.998421, 32.8316778], [34.9980188, 32.8303117], [34.9971617, 32.8306162], [34.9966594, 32.8298019], [34.9960871, 32.8300082], [34.9960721, 32.8300461], [34.9964778, 32.8308609], [34.9962238, 32.8309502], [34.9958179, 32.8301354], [34.9957068, 32.8301734], [34.9961131, 32.8309882], [34.9958591, 32.8310776], [34.9954528, 32.8302627], [34.9954038, 32.8302455], [34.995353, 32.8302631], [34.9953389, 32.8303025], [34.9957433, 32.8311171], [34.9954898, 32.831206], [34.9950817, 32.8303877], [34.9950351, 32.8303735], [34.9949878, 32.8303899], [34.9949732, 32.8304301], [34.9953795, 32.8312447], [34.9951256, 32.8313337], [34.994717, 32.8305149], [34.9946697, 32.8305004], [34.9946245, 32.8305161], [34.9946101, 32.8305566], [34.9950171, 32.8313718], [34.9949381, 32.8313994], [34.9945309, 32.8305794], [34.9944823, 32.8305655], [34.9936624, 32.8308615], [34.9936765, 32.8309755], [34.9936434, 32.8310225], [34.9935962, 32.8310528], [34.992157, 32.8316196], [34.9919858, 32.8317322], [34.9921181, 32.8318869], [34.9920642, 32.8325017], [34.9919575, 32.8325285], [34.9919884, 32.8327159], [34.9924841, 32.8327343], [34.9966734, 32.8331935], [34.9978857, 32.8332435], [34.9994222, 32.8332391], [34.9998609, 32.8331892], [35.0000359, 32.833224], [35.0001169, 32.8332778], [35.0001652, 32.8333586], [35.0001801, 32.8334345], [35.0001491, 32.8335235], [35.0001137, 32.8335929], [35.0000529, 32.8336454], [34.9999803, 32.8336716], [34.9998932, 32.8336804], [34.9997872, 32.8336646], [34.9996261, 32.8335911], [34.9994788, 32.8335198], [34.9992578, 32.8335163], [34.9987722, 32.8335101], [34.9974859, 32.8335114], [34.9961648, 32.8334353], [34.9953262, 32.8333388], [34.9945001, 32.833244], [34.993471, 32.8331447], [34.9923814, 32.8330035], [34.9921245, 32.833008], [34.9918623, 32.8330261], [34.9916109, 32.8330813], [34.990985, 32.833304], [34.9908159, 32.8333105], [34.9907191, 32.8332669], [34.9906393, 32.833173], [34.9906091, 32.8330407], [34.990654, 32.8329167], [34.9907658, 32.83283], [34.9909402, 32.8327921]]}}, {"type": "Feature", "properties": {"osm_id": 449068304, "tags": {"natural": "coastline", "source": "PGS"}}, "geometry": {"type": "LineString", "coordinates": [[34.9911443, 32.83262], [34.9910482, 32.8325055], [34.9908647, 32.8323518], [34.990669, 32.832214], [34.9905586, 32.8321682], [34.9904039, 32.8321098], [34.9902061, 32.8320733], [34.9900167, 32.8320696], [34.9897062, 32.8321001], [34.989241, 32.8322205], [34.9890758, 32.8322798], [34.9889467, 32.8323344]]}}, {"type": "Feature", "properties": {"osm_id": 509050478, "tags": {"natural": "coastline", "source": "PGS"}}, "geometry": {"type": "LineString", "coordinates": [[35.0070871, 32.8224], [35.0070646, 32.8224264], [35.0070333, 32.8224453], [35.0069964, 32.8224548], [35.0069578, 32.8224538], [35.0069216, 32.8224425], [35.0068917, 32.822422], [35.0068712, 32.8223945], [35.0068622, 32.822363], [35.0068658, 32.8223307], [35.0068815, 32.8223011], [35.0069077, 32.8222772], [35.0069416, 32.8222617], [35.0069796, 32.8222562], [35.0070178, 32.8222612], [35.0070627, 32.822273], [35.0071103, 32.8223049]]}}, {"type": "Feature", "properties": {"osm_id": 509050479, "tags": {"natural": "coastline", "source": "PGS"}}, "geometry": {"type": "LineString", "coordinates": [[35.0071103, 32.8223049], [35.0071106, 32.8223069], [35.0081707, 32.8227364], [35.0082057, 32.8221577], [35.0078418, 32.8220139], [35.0078575, 32.8217282], [35.0071129, 32.8216671], [35.0070014, 32.8215825], [35.006986, 32.8214945], [35.0073676, 32.8198497], [35.0067433, 32.8197128], [35.0066584, 32.8196291], [35.006655, 32.819513], [35.0066934, 32.8194426], [35.0064961, 32.8192047], [35.0068079, 32.818213], [35.0067167, 32.8182023], [35.0055573, 32.8216995], [35.0054357, 32.8218154], [35.0053737, 32.8216724], [35.0065394, 32.8181937], [35.0057525, 32.8181153], [35.0057048, 32.8181105], [35.0048318, 32.8206029], [35.0047755, 32.8206573], [35.0046676, 32.8206355], [35.0046611, 32.8205301], [35.0054857, 32.8180933], [35.0043176, 32.8180226], [35.0006435, 32.8218586]]}}, {"type": "Feature", "properties": {"osm_id": 1013395352, "tags": {"natural": "coastline", "source": "PGS"}}, "geometry": {"type": "LineString", "coordinates": [[34.9909402, 32.8327921], [34.9911147, 32.8327961], [34.9911646, 32.8327533], [34.9911747, 32.8326882], [34.9911613, 32.8326516], [34.9911443, 32.83262]]}}, {"type": "Feature", "properties": {"osm_id": 1073102114, "tags": {"boundary": "administrative", "natural": "coastline", "source": "PGS"}}, "geometry": {"type": "LineString", "coordinates": [[34.9889467, 32.8323344], [34.9888636, 32.8323806], [34.9887592, 32.8324449], [34.9885701, 32.8326267], [34.988409, 32.8328418], [34.9883079, 32.8330041], [34.9882743, 32.8330859], [34.9882641, 32.8331243], [34.9882674, 32.8331716], [34.9882746, 32.8332196], [34.9882945, 32.8332861], [34.9883558, 32.8334388], [34.9887552, 32.8333074], [34.9888014, 32.8332924], [34.9888492, 32.8332955], [34.98888, 32.8333088], [34.9888859, 32.8333356], [34.9888653, 32.8333515], [34.9888009, 32.8333863], [34.9884012, 32.8335284], [34.9882166, 32.8336125], [34.9881458, 32.8336507], [34.9880905, 32.8336887], [34.9875766, 32.8339895], [34.9875312, 32.8340033], [34.9874957, 32.8339971], [34.9874262, 32.8339851], [34.9873683, 32.8339994], [34.9870303, 32.8342688], [34.9864775, 32.8348601], [34.9863588, 32.8350366], [34.9863375, 32.8350967], [34.9863272, 32.8351604], [34.9863339, 32.835282], [34.9863697, 32.835354], [34.9863347, 32.8354392], [34.9860304, 32.8356343], [34.985945, 32.8356765], [34.9858456, 32.8356663], [34.9857425, 32.8356083], [34.9856369, 32.8355361], [34.9855594, 32.8355644], [34.9854999, 32.8355428], [34.9854313, 32.8355092], [34.985419, 32.8355473], [34.9853796, 32.8355789], [34.9854534, 32.8356279], [34.9854382, 32.835647], [34.9854336, 32.8356964], [34.9854711, 32.8357197], [34.985511, 32.8357553], [34.9854887, 32.8358111], [34.9853278, 32.8358326], [34.9852581, 32.8358188], [34.9851344, 32.8358183], [34.9850631, 32.8357981], [34.9847347, 32.8358659], [34.9842043, 32.8360677], [34.9836217, 32.8362881], [34.9828943, 32.8364721]]}}, {"type": "Feature", "properties": {"osm_id": 1275392261, "tags": {"natural": "coastline", "place": "islet"}}, "geometry": {"type": "LineString", "coordinates": [[34.9155848, 32.6189917], [34.9154636, 32.6190809], [34.9153815, 32.6191145], [34.9152625, 32.6192012], [34.9151737, 32.6192032], [34.9151315, 32.6191692], [34.9151121, 32.6191296], [34.9151143, 32.6190668], [34.9151401, 32.618952], [34.9151749, 32.6188802], [34.9151906, 32.6188032], [34.9152041, 32.6187084], [34.9152072, 32.6186517], [34.9151958, 32.6185535], [34.9152305, 32.6185157], [34.9152687, 32.6185129], [34.9153158, 32.6185225], [34.9153782, 32.6185994], [34.9154637, 32.6185958], [34.9155769, 32.6186213], [34.9157401, 32.6186895], [34.9157625, 32.6187624], [34.9157303, 32.6188639], [34.9156722, 32.6189282], [34.9155848, 32.6189917]]}}, {"type": "Feature", "properties": {"osm_id": 1323550185, "tags": {"natural": "coastline", "source": "PGS"}}, "geometry": {"type": "LineString", "coordinates": [[35.0784707, 32.8931939], [35.0769365, 32.8877228]]}}, {"type": "Feature", "properties": {"osm_id": 1323550397, "tags": {"natural": "coastline", "source": "PGS"}}, "geometry": {"type": "LineString", "coordinates": [[34.6647967, 31.8618444], [34.6622951, 31.8567489]]}}, {"type": "Feature", "properties": {"osm_id": 1343260633, "tags": {"natural": "coastline", "source": "PGS"}}, "geometry": {"type": "LineString", "coordinates": [[34.6425246, 31.8472233], [34.6425399, 31.8432311], [34.6425472, 31.8427631], [34.6510147, 31.8427849], [34.6509843, 31.8446807], [34.6519248, 31.8454856], [34.6562313, 31.8455196]]}}, {"type": "Feature", "properties": {"osm_id": 1343260634, "tags": {"natural": "coastline", "source": "PGS"}}, "geometry": {"type": "LineString", "coordinates": [[34.6622951, 31.8567489], [34.6598094, 31.8522568], [34.6583589, 31.8490585], [34.6579692, 31.8484651], [34.6577003, 31.8483703], [34.6573228, 31.8482294]]}}, {"type": "Feature", "properties": {"osm_id": 1343260635, "tags": {"natural": "coastline", "source": "PGS"}}, "geometry": {"type": "LineString", "coordinates": [[34.6562313, 31.8455196], [34.6563117, 31.8454168], [34.6562075, 31.8452142], [34.6560865, 31.845239], [34.6560407, 31.8451481], [34.6560245, 31.8449665], [34.6558748, 31.8447614], [34.6557824, 31.8447581]]}}, {"type": "Feature", "properties": {"osm_id": 1343260638, "tags": {"natural": "coastline", "source": "PGS"}}, "geometry": {"type": "LineString", "coordinates": [[34.6543225, 31.8418528], [34.6537901, 31.8415174], [34.6535248, 31.8413702]]}}, {"type": "Feature", "properties": {"osm_id": 1343260640, "tags": {"natural": "coastline", "source": "PGS"}}, "geometry": {"type": "LineString", "coordinates": [[34.6535396, 31.8411724], [34.6536367, 31.8410289], [34.6536911, 31.8408377], [34.6536875, 31.8406057]]}}, {"type": "Feature", "properties": {"osm_id": 1343260641, "tags": {"natural": "coastline", "source": "PGS"}}, "geometry": {"type": "LineString", "coordinates": [[34.6556419, 31.8443074], [34.6549448, 31.8431026], [34.6543225, 31.8418528]]}}, {"type": "Feature", "properties": {"osm_id": 1343260643, "tags": {"natural": "coastline", "source": "PGS"}}, "geometry": {"type": "LineString", "coordinates": [[34.6535248, 31.8413702], [34.6527524, 31.8414094], [34.6526885, 31.841357], [34.6526815, 31.8412617], [34.6526644, 31.8411952], [34.6527102, 31.8410972], [34.6529616, 31.8411792], [34.6535396, 31.8411724]]}}, {"type": "Feature", "properties": {"osm_id": 1343260644, "tags": {"natural": "coastline", "source": "PGS"}}, "geometry": {"type": "LineString", "coordinates": [[34.6557824, 31.8447581], [34.6556014, 31.844731], [34.655264, 31.8447233], [34.6549692, 31.8446212], [34.6547608, 31.8444872], [34.6544298, 31.8441628], [34.6538625, 31.8435492], [34.653601, 31.8433865], [34.6533025, 31.8432853], [34.6531684, 31.8432363], [34.6531469, 31.8431374], [34.6532199, 31.8430267], [34.653454, 31.8430424], [34.653796, 31.8432049], [34.6541503, 31.8434658], [34.6546594, 31.8440115], [34.6550202, 31.8444495], [34.6552042, 31.8444281], [34.6553593, 31.8443545], [34.6556419, 31.8443074]]}}, {"type": "Feature", "properties": {"osm_id": 1343260646, "tags": {"natural": "coastline", "source": "PGS"}}, "geometry": {"type": "LineString", "coordinates": [[34.6536875, 31.8406057], [34.6535932, 31.8404644], [34.6534564, 31.8402619], [34.6533556, 31.8401261], [34.6534948, 31.8400655], [34.6534114, 31.8399454], [34.6533486, 31.8399285], [34.653252, 31.8397535], [34.6536823, 31.8395719], [34.6536555, 31.8395042], [34.6532174, 31.8396567], [34.6531415, 31.8396129], [34.6531064, 31.8395341], [34.6530892, 31.8394489], [34.6531627, 31.8394003], [34.6535192, 31.8392848], [34.6534578, 31.83919], [34.6530442, 31.8393411], [34.6529245, 31.8392837], [34.6528604, 31.8391529], [34.6528757, 31.8390287], [34.6528478, 31.8389316], [34.6526732, 31.8386924]]}}, {"type": "Feature", "properties": {"osm_id": 1343260647, "tags": {"natural": "coastline", "source": "PGS"}}, "geometry": {"type": "LineString", "coordinates": [[34.6525096, 31.8383699], [34.6523709, 31.8382736], [34.6524021, 31.8381501], [34.6522368, 31.8381088], [34.6521058, 31.8379866], [34.6520273, 31.8377846], [34.6518806, 31.8377289]]}}, {"type": "Feature", "properties": {"osm_id": 1343260648, "tags": {"natural": "coastline", "source": "PGS"}}, "geometry": {"type": "LineString", "coordinates": [[34.6526732, 31.8386924], [34.6524898, 31.838748], [34.652335, 31.8388995], [34.6521491, 31.839159], [34.6520609, 31.8394172], [34.6520432, 31.8395359], [34.6521411, 31.8413636], [34.6522513, 31.8414873], [34.6523412, 31.8436546], [34.6524329, 31.8437225], [34.652482, 31.8438285], [34.6524967, 31.8439591], [34.6524455, 31.8440737], [34.65232, 31.844104], [34.6522285, 31.844091], [34.6521328, 31.8440632], [34.652125, 31.8440598], [34.6520437, 31.8439919], [34.6519877, 31.843903], [34.6519659, 31.8438039], [34.6518632, 31.8413515], [34.6517755, 31.8396528], [34.6517817, 31.8394092], [34.6518348, 31.8392595], [34.6519327, 31.8390574], [34.6519989, 31.8389013], [34.6520791, 31.8387956], [34.652228, 31.8386997], [34.6523028, 31.8385208], [34.6525096, 31.8383699]]}}, {"type": "Feature", "properties": {"osm_id": 1343260651, "tags": {"natural": "coastline", "source": "PGS"}}, "geometry": {"type": "LineString", "coordinates": [[34.6518806, 31.8377289], [34.6509172, 31.8385826], [34.6508607, 31.8386172], [34.6507641, 31.8386425], [34.6506621, 31.8386518], [34.6505837, 31.8386495], [34.650524, 31.8386655], [34.6505227, 31.8388067], [34.6467946, 31.838793], [34.646791, 31.8385748], [34.6462908, 31.8385687], [34.6462872, 31.8386147], [34.64621, 31.838597], [34.6461065, 31.8385431], [34.6460442, 31.8384634], [34.645049, 31.8366379], [34.6450194, 31.836587], [34.6450033, 31.8365316], [34.6449898, 31.8363729]]}}, {"type": "Feature", "properties": {"osm_id": 1343260653, "tags": {"natural": "coastline", "source": "PGS"}}, "geometry": {"type": "LineString", "coordinates": [[34.6411927, 31.8314406], [34.6408049, 31.8315541], [34.6403274, 31.8315703], [34.6400919, 31.8315468], [34.6398184, 31.8314378], [34.6397803, 31.8313061], [34.6397257, 31.8311466], [34.6400073, 31.8309547], [34.64013, 31.8310728], [34.6402153, 31.831246], [34.640268, 31.8313182], [34.6405547, 31.8313405], [34.6405384, 31.8313041], [34.6411329, 31.8311293]]}}, {"type": "Feature", "properties": {"osm_id": 1343260654, "tags": {"natural": "coastline", "source": "PGS"}}, "geometry": {"type": "LineString", "coordinates": [[34.6442233, 31.8362127], [34.644224, 31.8360778], [34.6439367, 31.8360626], [34.6439518, 31.834173], [34.6503137, 31.8342332], [34.6503027, 31.8319702], [34.6413532, 31.8319569], [34.6411927, 31.8314406]]}}, {"type": "Feature", "properties": {"osm_id": 1343260656, "tags": {"natural": "coastline", "source": "PGS"}}, "geometry": {"type": "LineString", "coordinates": [[34.6443128, 31.8362262], [34.6443012, 31.8366733], [34.6442208, 31.8366792], [34.6442233, 31.8362127]]}}, {"type": "Feature", "properties": {"osm_id": 1343260657, "tags": {"natural": "coastline", "source": "PGS"}}, "geometry": {"type": "LineString", "coordinates": [[34.6449898, 31.8363729], [34.6446408, 31.8362685], [34.6443128, 31.8362262]]}}, {"type": "Feature", "properties": {"osm_id": 1343260660, "tags": {"natural": "coastline", "source": "PGS"}}, "geometry": {"type": "LineString", "coordinates": [[34.6429974, 31.8203418], [34.6411427, 31.8220026], [34.6409458, 31.821854], [34.6428251, 31.8202131], [34.642109, 31.8196292], [34.6404691, 31.8183588], [34.6396795, 31.8188446], [34.6394601, 31.8185794], [34.6383657, 31.8193092], [34.6377406, 31.8198438], [34.6371441, 31.8204235], [34.6370192, 31.8206466], [34.6369131, 31.8209023], [34.6369467, 31.8209285], [34.6369293, 31.8210065], [34.6357634, 31.8234822], [34.6354963, 31.8234015], [34.6353621, 31.8234366], [34.6352993, 31.8234562], [34.634984, 31.8245724], [34.6348264, 31.8254191], [34.6348005, 31.8263076], [34.6348745, 31.8272688], [34.6349829, 31.8279676], [34.6352478, 31.8288756], [34.6355864, 31.8297469], [34.6375905, 31.8339682], [34.6378207, 31.8339746], [34.6380135, 31.8340955], [34.6380597, 31.8342707], [34.6380047, 31.8343866], [34.6379161, 31.8344755], [34.6377085, 31.8345352], [34.6376039, 31.8346177], [34.6371351, 31.835551], [34.6369699, 31.8360223], [34.6368283, 31.8365256], [34.6367326, 31.8371495], [34.6366989, 31.8378102], [34.6367488, 31.8384851], [34.636849, 31.8391594], [34.6380351, 31.8433763], [34.6380414, 31.8438824], [34.6381118, 31.8441105], [34.6380738, 31.8443161], [34.6379242, 31.8445919], [34.6378416, 31.8445897], [34.6377394, 31.8447111], [34.6373336, 31.847769], [34.6373009, 31.8484026], [34.6372148, 31.8488772], [34.6373858, 31.8493777], [34.6373593, 31.8497471], [34.6371949, 31.8499636], [34.6369769, 31.8500238], [34.6367342, 31.8499378], [34.6366143, 31.8497429], [34.6368904, 31.8476441], [34.6372909, 31.8446241], [34.6373545, 31.8444242], [34.6373916, 31.8442406], [34.6375183, 31.8439066], [34.6375534, 31.8436393], [34.6375106, 31.8433598], [34.6374103, 31.8429747], [34.6364281, 31.8392055], [34.6363031, 31.838202], [34.6363112, 31.8373766], [34.6364028, 31.8363386], [34.6366943, 31.8354508], [34.6371013, 31.8345935], [34.6372263, 31.8342708], [34.6371238, 31.8340807], [34.6372209, 31.8339076], [34.6351878, 31.8298696], [34.6348209, 31.8288213], [34.6345661, 31.8280223], [34.6345002, 31.827327], [34.6344556, 31.8263455], [34.6344252, 31.8256946], [34.6344942, 31.8250592], [34.634584, 31.8244788], [34.6346994, 31.8240069], [34.6347755, 31.8236828], [34.6349958, 31.8234927], [34.6350372, 31.8233823], [34.6353961, 31.8224266], [34.6364358, 31.8208081], [34.6369183, 31.8202672], [34.6376694, 31.8195304], [34.6388294, 31.8186795], [34.6399545, 31.8179788], [34.6401145, 31.8178769], [34.6398894, 31.8170091], [34.639851, 31.8167835], [34.6398296, 31.8164351], [34.6397954, 31.8162167], [34.6396097, 31.8158695], [34.6393204, 31.8152431], [34.637862, 31.812085], [34.6371421, 31.8101239], [34.6358927, 31.807664], [34.6344091, 31.8046122], [34.6323785, 31.8008803], [34.6309993, 31.7989531], [34.6301709, 31.7979389], [34.6291641, 31.797162], [34.6287636, 31.7967856]]}}, {"type": "Feature", "properties": {"osm_id": 1343260661, "tags": {"natural": "coastline", "source": "PGS"}}, "geometry": {"type": "LineString", "coordinates": [[34.6411329, 31.8311293], [34.6418079, 31.8309308], [34.6416502, 31.8304734], [34.6407089, 31.8308435], [34.6405373, 31.8305755], [34.6435719, 31.8293472], [34.6478828, 31.8275022], [34.6472077, 31.8263347], [34.6412741, 31.8287727], [34.641133, 31.8269015], [34.6457175, 31.825018], [34.6449895, 31.8238201], [34.6404574, 31.8256861], [34.6399571, 31.8248231], [34.6431672, 31.8220092], [34.6431018, 31.8219087], [34.643971, 31.8211904], [34.6429974, 31.8203418]]}}, {"type": "Feature", "properties": {"osm_id": 1379125537, "tags": {"natural": "coastline", "place": "islet"}}, "geometry": {"type": "LineString", "coordinates": [[34.9204195, 32.6359643], [34.9206126, 32.6360004], [34.9206743, 32.6361133], [34.9206126, 32.6362037], [34.9205214, 32.6362376], [34.9203229, 32.6361811], [34.92028, 32.6361111], [34.9203041, 32.636032], [34.9203712, 32.6359891], [34.9204195, 32.6359643]]}}, {"type": "Feature", "properties": {"osm_id": 1387867201, "tags": {"natural": "coastline", "place": "islet"}}, "geometry": {"type": "LineString", "coordinates": [[34.914186, 32.6031638], [34.9142933, 32.6030576], [34.9144167, 32.6030169], [34.9144971, 32.6030395], [34.9143308, 32.6032248], [34.9142075, 32.6032384], [34.914186, 32.6031638]]}}]}