{"type": "FeatureCollection", "properties": {"source": "OpenStreetMap, man_made=breakwater|pier|groyne", "queried_via": "overpass.openstreetmap.fr", "queried_at": "2026-09-14", "bbox": [31.6, 34.2, 32.9, 35.2], "licence": "ODbL -- (c) OpenStreetMap contributors"}, "features": [{"type": "Feature", "properties": {"osm_id": 26783211, "tags": {"access": "private", "bridge": "yes", "highway": "service", "layer": "1", "man_made": "pier"}}, "geometry": {"type": "LineString", "coordinates": [[34.8862047, 32.4706465], [34.8859874, 32.4706639], [34.8857467, 32.4706665], [34.8854482, 32.4706297], [34.8851597, 32.4705912], [34.8849852, 32.470582], [34.8637984, 32.4704347]]}}, {"type": "Feature", "properties": {"osm_id": 87526873, "tags": {"man_made": "breakwater"}}, "geometry": {"type": "LineString", "coordinates": [[34.7392733, 32.0253581], [34.7385665, 32.0251697], [34.7384072, 32.024936], [34.738264, 32.0247873], [34.7380438, 32.0245086], [34.7378093, 32.0242773], [34.7376425, 32.0240848], [34.7374488, 32.0238807], [34.7373911, 32.0237622], [34.737216, 32.0235576], [34.7371227, 32.0234405], [34.7370318, 32.0233681], [34.7368529, 32.0232921], [34.736935, 32.0231723], [34.7368223, 32.0229675], [34.7369808, 32.0228234], [34.7369832, 32.0217577], [34.7371656, 32.0216849], [34.7382188, 32.0217701], [34.7382017, 32.0218173], [34.737996, 32.0218146], [34.7376435, 32.021751], [34.7372847, 32.0217118], [34.73713, 32.021728], [34.7370931, 32.0217811], [34.7370678, 32.0221283], [34.7370806, 32.0225785], [34.7370981, 32.0228355], [34.7370263, 32.0229382], [34.7371619, 32.0230559], [34.7371651, 32.0231654], [34.7371252, 32.0232276], [34.7373644, 32.0235278], [34.7375255, 32.023786], [34.7377711, 32.0240538], [34.737929, 32.0242687], [34.7381539, 32.0244351], [34.7383086, 32.0247095], [34.7385, 32.0248948], [34.7385765, 32.0250841], [34.7390167, 32.0252247], [34.7392161, 32.0252856], [34.7392733, 32.0253581]]}}, {"type": "Feature", "properties": {"osm_id": 87526879, "tags": {"area": "yes", "man_made": "breakwater", "seamark:shoreline_construction:category": "breakwater", "seamark:type": "shoreline_construction", "source": "Bing"}}, "geometry": {"type": "LineString", "coordinates": [[34.7660609, 32.0845955], [34.7661023, 32.0846525], [34.7661817, 32.0846563], [34.7662433, 32.0846086], [34.7662809, 32.0845245], [34.766163, 32.0843972], [34.7658154, 32.0835798], [34.7658304, 32.0835064], [34.7658116, 32.0834496], [34.765766, 32.0834155], [34.7657097, 32.0834223], [34.7656533, 32.083461], [34.7656383, 32.083523], [34.7656629, 32.0835859], [34.7660609, 32.0845955]]}}, {"type": "Feature", "properties": {"osm_id": 89049190, "tags": {"access": "private", "floating": "yes", "man_made": "pier", "name": "Q", "name:en": "Q"}}, "geometry": {"type": "LineString", "coordinates": [[34.7929633, 32.1604516], [34.7928899, 32.1604674], [34.7928549, 32.160475], [34.7921739, 32.1606219]]}}, {"type": "Feature", "properties": {"osm_id": 89049191, "tags": {"access": "private", "floating": "yes", "man_made": "pier", "name": "C", "name:en": "C"}}, "geometry": {"type": "LineString", "coordinates": [[34.7957596, 32.1633755], [34.7943452, 32.1626729]]}}, {"type": "Feature", "properties": {"osm_id": 89049192, "tags": {"access": "private", "floating": "yes", "man_made": "pier", "name": "V", "name:en": "V"}}, "geometry": {"type": "LineString", "coordinates": [[34.7929536, 32.1591622], [34.7929421, 32.1591251], [34.7929267, 32.1590752], [34.7928377, 32.1587872]]}}, {"type": "Feature", "properties": {"osm_id": 89049194, "tags": {"access": "private", "floating": "yes", "man_made": "pier", "name": "T", "name:en": "T"}}, "geometry": {"type": "LineString", "coordinates": [[34.7926587, 32.159405], [34.7926294, 32.1594028], [34.7925574, 32.1593973], [34.7920683, 32.1593602]]}}, {"type": "Feature", "properties": {"osm_id": 89049195, "tags": {"access": "private", "floating": "yes", "man_made": "pier", "name": "D", "name:en": "D"}}, "geometry": {"type": "LineString", "coordinates": [[34.7960196, 32.1630053], [34.7945849, 32.1622834]]}}, {"type": "Feature", "properties": {"osm_id": 89049196, "tags": {"access": "private", "floating": "yes", "man_made": "pier", "name": "E", "name:en": "E"}}, "geometry": {"type": "LineString", "coordinates": [[34.7960623, 32.1625124], [34.7948179, 32.1618995]]}}, {"type": "Feature", "properties": {"osm_id": 89049197, "tags": {"access": "private", "floating": "yes", "man_made": "pier", "name": "N", "name:en": "N"}}, "geometry": {"type": "LineString", "coordinates": [[34.7933117, 32.161564], [34.793237, 32.1615803], [34.7932083, 32.1615866], [34.7924789, 32.161746]]}}, {"type": "Feature", "properties": {"osm_id": 89049199, "tags": {"access": "private", "floating": "yes", "man_made": "pier", "name": "S", "name:en": "S"}}, "geometry": {"type": "LineString", "coordinates": [[34.7927296, 32.1597067], [34.7926575, 32.1597224], [34.7926241, 32.1597297], [34.792017, 32.1598622]]}}, {"type": "Feature", "properties": {"osm_id": 89049200, "tags": {"access": "private", "floating": "yes", "man_made": "pier", "name": "A", "name:en": "A"}}, "geometry": {"type": "LineString", "coordinates": [[34.7946533, 32.16388], [34.793899, 32.1634927]]}}, {"type": "Feature", "properties": {"osm_id": 89049201, "tags": {"access": "private", "floating": "yes", "man_made": "pier", "name": "M", "name:en": "M"}}, "geometry": {"type": "LineString", "coordinates": [[34.7934279, 32.1619292], [34.7933512, 32.1619464], [34.7933245, 32.1619524], [34.792568, 32.1621219]]}}, {"type": "Feature", "properties": {"osm_id": 89049202, "tags": {"access": "private", "floating": "yes", "man_made": "pier", "name": "B", "name:en": "B"}}, "geometry": {"type": "LineString", "coordinates": [[34.7955614, 32.1636587], [34.7942077, 32.1629971]]}}, {"type": "Feature", "properties": {"osm_id": 89049204, "tags": {"access": "private", "floating": "yes", "man_made": "pier", "name": "P", "name:en": "P"}}, "geometry": {"type": "LineString", "coordinates": [[34.7930743, 32.1608214], [34.7930051, 32.1608369], [34.7929721, 32.1608443], [34.7922871, 32.1609983]]}}, {"type": "Feature", "properties": {"osm_id": 89049205, "tags": {"access": "private", "floating": "yes", "man_made": "pier", "name": "U", "name:en": "U"}}, "geometry": {"type": "LineString", "coordinates": [[34.7927663, 32.1592319], [34.7927363, 32.1591994], [34.7926975, 32.1591575], [34.7924881, 32.1589311]]}}, {"type": "Feature", "properties": {"osm_id": 89049215, "tags": {"access": "private", "floating": "yes", "man_made": "pier", "name": "O", "name:en": "O"}}, "geometry": {"type": "LineString", "coordinates": [[34.7931916, 32.16119], [34.7931202, 32.1612059], [34.7930895, 32.1612127], [34.7923719, 32.1613718]]}}, {"type": "Feature", "properties": {"osm_id": 89049216, "tags": {"access": "private", "floating": "yes", "man_made": "pier", "name": "K", "name:en": "K"}}, "geometry": {"type": "LineString", "coordinates": [[34.7936785, 32.1629775], [34.7936246, 32.1630257], [34.7928532, 32.1632012]]}}, {"type": "Feature", "properties": {"osm_id": 89049217, "tags": {"access": "private", "floating": "yes", "man_made": "pier", "name": "R", "name:en": "R"}}, "geometry": {"type": "LineString", "coordinates": [[34.7928443, 32.1600708], [34.7927714, 32.1600875], [34.7927347, 32.1600959], [34.792119, 32.1602371]]}}, {"type": "Feature", "properties": {"osm_id": 89049218, "tags": {"access": "private", "floating": "yes", "man_made": "pier", "name": "L", "name:en": "L"}}, "geometry": {"type": "LineString", "coordinates": [[34.7935869, 32.1624479], [34.7935127, 32.1624645], [34.7934874, 32.1624701], [34.7926477, 32.1626576]]}}, {"type": "Feature", "properties": {"osm_id": 95517406, "tags": {"area": "yes", "man_made": "pier"}}, "geometry": {"type": "LineString", "coordinates": [[34.4968748, 31.6342], [34.4968459, 31.6341069], [34.4939642, 31.6347551], [34.4939932, 31.6348489], [34.4940325, 31.6349755], [34.4969143, 31.6343273], [34.4968748, 31.6342]]}}, {"type": "Feature", "properties": {"osm_id": 97717242, "tags": {"area": "yes", "man_made": "breakwater"}}, "geometry": {"type": "LineString", "coordinates": [[34.7808804, 32.1207494], [34.7808896, 32.1207135], [34.7808818, 32.1206809], [34.7808415, 32.1206599], [34.7808121, 32.1206484], [34.7807804, 32.1206413], [34.7807545, 32.1206644], [34.7807318, 32.1206985], [34.7807185, 32.1207339], [34.7807186, 32.1208211], [34.780741, 32.1209337], [34.7807659, 32.1210071], [34.7808015, 32.1210829], [34.7808664, 32.1211763], [34.7811346, 32.1216061], [34.7813899, 32.1220479], [34.7815997, 32.1223871], [34.7816251, 32.1224063], [34.7816545, 32.1224152], [34.7816876, 32.1224177], [34.7817249, 32.122409], [34.7817558, 32.1223964], [34.7817688, 32.1223717], [34.781769, 32.1223234], [34.781744, 32.122284], [34.7817161, 32.122264], [34.7816863, 32.1222534], [34.7816548, 32.1222246], [34.7816029, 32.1221744], [34.781578, 32.1221399], [34.7815056, 32.1220193], [34.781496, 32.1219967], [34.7814864, 32.1219263], [34.7813244, 32.1216447], [34.7813279, 32.1216127], [34.7813404, 32.121585], [34.7813675, 32.1215501], [34.7813969, 32.1215221], [34.7814309, 32.1214938], [34.781415, 32.1214645], [34.7814001, 32.1214371], [34.7813264, 32.1214453], [34.7812799, 32.1214438], [34.7812315, 32.1214184], [34.7811758, 32.1213669], [34.7809552, 32.1210836], [34.7809192, 32.1210397], [34.7808983, 32.1209936], [34.7808813, 32.120939], [34.7808711, 32.1208882], [34.7808668, 32.120819], [34.7808804, 32.1207494]]}}, {"type": "Feature", "properties": {"osm_id": 98429451, "tags": {"area": "yes", "man_made": "pier"}}, "geometry": {"type": "LineString", "coordinates": [[34.498233, 31.6338945], [34.4982917, 31.6340471], [34.4978441, 31.6341528], [34.4977876, 31.6339947], [34.4977797, 31.6339754], [34.4982296, 31.6338771], [34.498233, 31.6338945]]}}, {"type": "Feature", "properties": {"osm_id": 98429457, "tags": {"man_made": "pier"}}, "geometry": {"type": "LineString", "coordinates": [[34.4939932, 31.6348489], [34.4935647, 31.6349357]]}}, {"type": "Feature", "properties": {"osm_id": 98438595, "tags": {"man_made": "pier"}}, "geometry": {"type": "LineString", "coordinates": [[34.5560206, 31.6820849], [34.5560036, 31.6820638], [34.5550767, 31.6809151]]}}, {"type": "Feature", "properties": {"osm_id": 98438597, "tags": {"man_made": "pier"}}, "geometry": {"type": "LineString", "coordinates": [[34.5564073, 31.6818556], [34.5564229, 31.6818751], [34.5568693, 31.6824335]]}}, {"type": "Feature", "properties": {"osm_id": 98438600, "tags": {"man_made": "pier"}}, "geometry": {"type": "LineString", "coordinates": [[34.5564185, 31.681849], [34.5563995, 31.6818258], [34.5554567, 31.6806807]]}}, {"type": "Feature", "properties": {"osm_id": 98438606, "tags": {"man_made": "pier"}}, "geometry": {"type": "LineString", "coordinates": [[34.5555175, 31.6827857], [34.5553336, 31.6828908]]}}, {"type": "Feature", "properties": {"osm_id": 98438607, "tags": {"man_made": "pier"}}, "geometry": {"type": "LineString", "coordinates": [[34.5547709, 31.681091], [34.5546758, 31.6811431], [34.5546198, 31.6811738]]}}, {"type": "Feature", "properties": {"osm_id": 98438615, "tags": {"man_made": "pier"}}, "geometry": {"type": "LineString", "coordinates": [[34.5557069, 31.6830194], [34.5555416, 31.6831222]]}}, {"type": "Feature", "properties": {"osm_id": 98438618, "tags": {"man_made": "pier"}}, "geometry": {"type": "LineString", "coordinates": [[34.5544688, 31.6817188], [34.5551438, 31.6825685], [34.5551633, 31.6825931]]}}, {"type": "Feature", "properties": {"osm_id": 98438620, "tags": {"man_made": "pier"}}, "geometry": {"type": "LineString", "coordinates": [[34.5556129, 31.6829034], [34.5554281, 31.6830172]]}}, {"type": "Feature", "properties": {"osm_id": 98438621, "tags": {"man_made": "pier"}}, "geometry": {"type": "LineString", "coordinates": [[34.5551737, 31.6808624], [34.5550767, 31.6809151], [34.5549809, 31.6809673]]}}, {"type": "Feature", "properties": {"osm_id": 98438623, "tags": {"man_made": "pier"}}, "geometry": {"type": "LineString", "coordinates": [[34.5554175, 31.6826623], [34.5552378, 31.6827619]]}}, {"type": "Feature", "properties": {"osm_id": 98438632, "tags": {"man_made": "pier"}}, "geometry": {"type": "LineString", "coordinates": [[34.5552971, 31.6825138], [34.5553162, 31.6825374], [34.5554175, 31.6826623], [34.5555175, 31.6827857], [34.5556129, 31.6829034], [34.5557069, 31.6830194], [34.5558183, 31.6831567]]}}, {"type": "Feature", "properties": {"osm_id": 98438639, "tags": {"area": "yes", "man_made": "pier"}}, "geometry": {"type": "LineString", "coordinates": [[34.5550953, 31.68267], [34.5550552, 31.6826202], [34.5551438, 31.6825685], [34.5551885, 31.6825424], [34.5551309, 31.6824682], [34.5552567, 31.6823927], [34.5553134, 31.6824682], [34.5556102, 31.6822892], [34.5560036, 31.6820638], [34.5563995, 31.6818258], [34.5566237, 31.6816954], [34.5566595, 31.6817377], [34.5564229, 31.6818751], [34.5560996, 31.6820699], [34.5557121, 31.6822983], [34.5553162, 31.6825374], [34.5550953, 31.68267]]}}, {"type": "Feature", "properties": {"osm_id": 98438681, "tags": {"man_made": "pier"}}, "geometry": {"type": "LineString", "coordinates": [[34.5560822, 31.6820484], [34.5560996, 31.6820699], [34.5565978, 31.682684]]}}, {"type": "Feature", "properties": {"osm_id": 98438683, "tags": {"man_made": "pier"}}, "geometry": {"type": "LineString", "coordinates": [[34.5556316, 31.6823155], [34.5556102, 31.6822892], [34.5546758, 31.6811431]]}}, {"type": "Feature", "properties": {"osm_id": 98438688, "tags": {"man_made": "pier"}}, "geometry": {"type": "LineString", "coordinates": [[34.5556957, 31.6822775], [34.5557121, 31.6822983], [34.5561976, 31.6829167]]}}, {"type": "Feature", "properties": {"osm_id": 98483149, "tags": {"man_made": "pier"}}, "geometry": {"type": "LineString", "coordinates": [[34.6404028, 31.8220553], [34.6405959, 31.8220293]]}}, {"type": "Feature", "properties": {"osm_id": 98483258, "tags": {"man_made": "pier"}}, "geometry": {"type": "LineString", "coordinates": [[34.6402166, 31.8223321], [34.6404028, 31.8220553], [34.6404747, 31.8217806]]}}, {"type": "Feature", "properties": {"osm_id": 98483581, "tags": {"man_made": "pier"}}, "geometry": {"type": "LineString", "coordinates": [[34.6394425, 31.8226718], [34.6396551, 31.8225752], [34.6399913, 31.8224302], [34.6402166, 31.8223321], [34.6402854, 31.8223021]]}}, {"type": "Feature", "properties": {"osm_id": 98483681, "tags": {"man_made": "pier"}}, "geometry": {"type": "LineString", "coordinates": [[34.6396152, 31.8221341], [34.63942, 31.8223063], [34.6391209, 31.8224177], [34.638755, 31.8226571], [34.6384065, 31.8229616]]}}, {"type": "Feature", "properties": {"osm_id": 98493754, "tags": {"man_made": "pier"}}, "geometry": {"type": "LineString", "coordinates": [[34.9958098, 32.8289834], [34.9955937, 32.8285517]]}}, {"type": "Feature", "properties": {"osm_id": 98571668, "tags": {"area": "yes", "man_made": "pier"}}, "geometry": {"type": "LineString", "coordinates": [[34.7787688, 32.0968912], [34.778958, 32.0968914], [34.7789579, 32.096877], [34.7789578, 32.0968638], [34.7787688, 32.0968636], [34.7787688, 32.0968912]]}}, {"type": "Feature", "properties": {"osm_id": 98571669, "tags": {"area": "yes", "man_made": "pier"}}, "geometry": {"type": "LineString", "coordinates": [[34.7787638, 32.0970032], [34.7788942, 32.0970027], [34.7788941, 32.0969981], [34.7789587, 32.0969978], [34.7789587, 32.0969892], [34.7789586, 32.0969813], [34.778894, 32.0969815], [34.778894, 32.0969712], [34.7787636, 32.0969717], [34.7787638, 32.0970032]]}}, {"type": "Feature", "properties": {"osm_id": 98571670, "tags": {"area": "yes", "man_made": "pier"}}, "geometry": {"type": "LineString", "coordinates": [[34.7787621, 32.0971159], [34.7787624, 32.0970789], [34.7788916, 32.0970794], [34.7788916, 32.097092], [34.7789594, 32.0970923], [34.7789594, 32.0971005], [34.7789595, 32.0971091], [34.7788915, 32.0971088], [34.7788914, 32.0971164], [34.7787621, 32.0971159]]}}, {"type": "Feature", "properties": {"osm_id": 98572343, "tags": {"area": "yes", "man_made": "pier"}}, "geometry": {"type": "LineString", "coordinates": [[34.7797449, 32.0957443], [34.7797458, 32.0956949], [34.7799898, 32.0957066], [34.779991, 32.0956855], [34.780033, 32.0956867], [34.7800319, 32.0957087], [34.7802527, 32.0957193], [34.7802544, 32.0956807], [34.7800069, 32.0956618], [34.7797201, 32.0956463], [34.7795897, 32.095639], [34.7795908, 32.0956874], [34.7796943, 32.0956924], [34.7796938, 32.0957434], [34.7796513, 32.0957427], [34.7796511, 32.0957568], [34.7796307, 32.0957566], [34.7796304, 32.0957764], [34.7799705, 32.0957799], [34.7799699, 32.0958225], [34.7799975, 32.0958228], [34.7799983, 32.0957666], [34.7799849, 32.0957665], [34.7799851, 32.095748], [34.7797449, 32.0957443]]}}, {"type": "Feature", "properties": {"osm_id": 103765248, "tags": {"area": "yes", "highway": "footway", "man_made": "pier", "surface": "wood"}}, "geometry": {"type": "LineString", "coordinates": [[34.7499937, 32.0543821], [34.7499408, 32.0543101], [34.7503763, 32.0540922], [34.7504053, 32.054128], [34.7504342, 32.0541638], [34.7503082, 32.0542263], [34.7499937, 32.0543821]]}}, {"type": "Feature", "properties": {"osm_id": 109274249, "tags": {"highway": "footway", "man_made": "pier"}}, "geometry": {"type": "LineString", "coordinates": [[34.7374611, 32.015284], [34.7369955, 32.0153177]]}}, {"type": "Feature", "properties": {"osm_id": 132436770, "tags": {"area": "yes", "man_made": "pier"}}, "geometry": {"type": "LineString", "coordinates": [[34.931663, 32.6995428], [34.9319371, 32.6985835], [34.9321072, 32.6986413], [34.9318266, 32.6995915], [34.931663, 32.6995428]]}}, {"type": "Feature", "properties": {"osm_id": 132436775, "tags": {"area": "yes", "man_made": "pier"}}, "geometry": {"type": "LineString", "coordinates": [[34.9314197, 32.6984259], [34.9315076, 32.6984651], [34.9312446, 32.6994525], [34.9311802, 32.6994435], [34.9314197, 32.6984259]]}}, {"type": "Feature", "properties": {"osm_id": 132547184, "tags": {"area": "yes", "man_made": "pier"}}, "geometry": {"type": "LineString", "coordinates": [[34.933455, 32.7044045], [34.9335183, 32.7043869], [34.9336794, 32.7047354], [34.9337393, 32.7048288], [34.9336803, 32.7048469], [34.9336203, 32.7047345], [34.9334764, 32.7044406], [34.933455, 32.7044045]]}}, {"type": "Feature", "properties": {"osm_id": 179585204, "tags": {"man_made": "pier", "name": "Bn", "name:en": "Bn"}}, "geometry": {"type": "LineString", "coordinates": [[34.7675354, 32.0862671], [34.7676927, 32.0869023]]}}, {"type": "Feature", "properties": {"osm_id": 179585205, "tags": {"man_made": "pier", "name": "An", "name:en": "An", "source": "PGS"}}, "geometry": {"type": "LineString", "coordinates": [[34.7682216, 32.087049], [34.7680091, 32.0861826]]}}, {"type": "Feature", "properties": {"osm_id": 179585206, "tags": {"man_made": "pier", "name": "Visitors", "name:en": "Visitors", "source": "PGS"}}, "geometry": {"type": "LineString", "coordinates": [[34.767077, 32.0872319], [34.7671471, 32.087185], [34.7674586, 32.0871456], [34.7682216, 32.087049]]}}, {"type": "Feature", "properties": {"osm_id": 179585207, "tags": {"man_made": "pier"}}, "geometry": {"type": "LineString", "coordinates": [[34.76677, 32.0855535], [34.7668532, 32.0854831], [34.7675479, 32.0851434]]}}, {"type": "Feature", "properties": {"osm_id": 179585211, "tags": {"man_made": "pier", "name": "As", "name:en": "As", "source": "PGS"}}, "geometry": {"type": "LineString", "coordinates": [[34.7680091, 32.0861826], [34.7678397, 32.0854919], [34.7675479, 32.0851434], [34.7675291, 32.085121]]}}, {"type": "Feature", "properties": {"osm_id": 179585213, "tags": {"man_made": "pier", "name": "Cn", "name:en": "Cn"}}, "geometry": {"type": "LineString", "coordinates": [[34.7669779, 32.0863667], [34.7671295, 32.087]]}}, {"type": "Feature", "properties": {"osm_id": 179585214, "tags": {"man_made": "pier", "name": "Bs", "name:en": "Bs"}}, "geometry": {"type": "LineString", "coordinates": [[34.7673601, 32.0855592], [34.7675354, 32.0862671]]}}, {"type": "Feature", "properties": {"osm_id": 179585226, "tags": {"man_made": "pier", "name": "Cs", "name:en": "Cs"}}, "geometry": {"type": "LineString", "coordinates": [[34.7668451, 32.0858115], [34.7669779, 32.0863667]]}}, {"type": "Feature", "properties": {"osm_id": 179585227, "tags": {"man_made": "pier"}}, "geometry": {"type": "LineString", "coordinates": [[34.7669779, 32.0863667], [34.7675354, 32.0862671], [34.7679709, 32.0861894], [34.7680091, 32.0861826]]}}, {"type": "Feature", "properties": {"osm_id": 179641670, "tags": {"area": "yes", "man_made": "breakwater", "seamark:shoreline_construction:category": "breakwater", "seamark:type": "shoreline_construction", "source": "Bing"}}, "geometry": {"type": "LineString", "coordinates": [[34.7695837, 32.0944136], [34.7693901, 32.0938909], [34.7693116, 32.0936791], [34.7690301, 32.0929278], [34.7690408, 32.0927369], [34.7688909, 32.0927278], [34.7688211, 32.0927915], [34.7688265, 32.0929187], [34.7688694, 32.0930332], [34.7692786, 32.0939228], [34.7693278, 32.0940413], [34.7695735, 32.0947972], [34.7697972, 32.0952637], [34.7698143, 32.0953646], [34.7699216, 32.0953964], [34.7700128, 32.0953419], [34.7700225, 32.0952637], [34.7698884, 32.0951547], [34.7695837, 32.0944136]]}}, {"type": "Feature", "properties": {"osm_id": 179642298, "tags": {"area": "yes", "man_made": "breakwater", "seamark:shoreline_construction:category": "breakwater", "seamark:type": "shoreline_construction", "source": "Bing"}}, "geometry": {"type": "LineString", "coordinates": [[34.7680326, 32.0904333], [34.7682113, 32.0908356], [34.7684262, 32.0914157], [34.7685575, 32.0915099], [34.7685546, 32.0915853], [34.7684342, 32.0916618], [34.7683147, 32.0916311], [34.7682984, 32.0915722], [34.7679417, 32.0907749], [34.7679005, 32.0906828], [34.7676171, 32.0899145], [34.7675673, 32.0896507], [34.7676359, 32.0895955], [34.7677504, 32.0895943], [34.7678111, 32.0896624], [34.7678125, 32.0899063], [34.7678787, 32.0901254], [34.7680326, 32.0904333]]}}, {"type": "Feature", "properties": {"osm_id": 180350008, "tags": {"man_made": "breakwater", "natural": "coastline", "source": "Bing"}}, "geometry": {"type": "LineString", "coordinates": [[34.7728193, 32.0988169], [34.7723817, 32.098942], [34.7723345, 32.0989509], [34.7723233, 32.0989222], [34.7723566, 32.098895], [34.7727994, 32.0987905]]}}, {"type": "Feature", "properties": {"osm_id": 180350009, "tags": {"man_made": "breakwater", "natural": "coastline", "source": "Bing"}}, "geometry": {"type": "LineString", "coordinates": [[34.7729401, 32.0981179], [34.7728149, 32.0982001], [34.7728081, 32.0982196], [34.772805, 32.0982376], [34.7727981, 32.0982536], [34.772794, 32.0982672], [34.7727871, 32.0982816], [34.7727781, 32.0982966], [34.7727691, 32.0983106], [34.7727581, 32.0983256], [34.7727471, 32.0983386], [34.7727341, 32.0983516], [34.7727211, 32.0983636], [34.7727071, 32.0983756], [34.7726931, 32.0983866], [34.7726781, 32.0983976], [34.7726621, 32.0984076], [34.7726461, 32.0984166], [34.7726291, 32.0984246], [34.7726121, 32.0984326], [34.7718826, 32.0986423], [34.7718685, 32.0986055], [34.772574, 32.0983994], [34.7726271, 32.098377], [34.7726763, 32.0983481], [34.7727163, 32.098312], [34.772742, 32.0982759], [34.7727642, 32.0982433], [34.7727731, 32.0981988], [34.7727835, 32.0981225], [34.7727812, 32.098112], [34.7726745, 32.09763], [34.7726064, 32.0975508], [34.7724136, 32.0967965], [34.772404, 32.0967625]]}}, {"type": "Feature", "properties": {"osm_id": 198909282, "tags": {"man_made": "pier"}}, "geometry": {"type": "LineString", "coordinates": [[35.0305997, 32.8060467], [35.0301773, 32.8046801]]}}, {"type": "Feature", "properties": {"osm_id": 198909293, "tags": {"man_made": "pier"}}, "geometry": {"type": "LineString", "coordinates": [[35.0311505, 32.8059236], [35.0307363, 32.8045549]]}}, {"type": "Feature", "properties": {"osm_id": 204893887, "tags": {"man_made": "pier"}}, "geometry": {"type": "LineString", "coordinates": [[34.5553744, 31.680735], [34.5554567, 31.6806807], [34.5555466, 31.6806212]]}}, {"type": "Feature", "properties": {"osm_id": 204893889, "tags": {"man_made": "pier"}}, "geometry": {"type": "LineString", "coordinates": [[34.5558183, 31.6831567], [34.5556456, 31.683266]]}}, {"type": "Feature", "properties": {"osm_id": 219902026, "tags": {"floating": "yes", "man_made": "pier", "natural": "coastline", "source": "Bing"}}, "geometry": {"type": "LineString", "coordinates": [[35.0381123, 32.8233911], [35.03368, 32.8296988], [35.0333335, 32.8301027], [35.0330599, 32.8303714], [35.0328019, 32.830572], [35.0324113, 32.8308307], [35.0318459, 32.831125], [35.0311416, 32.8314189], [35.0305772, 32.8315677], [35.0301653, 32.8316398], [35.0297125, 32.8316817], [35.0234925, 32.8316853], [35.0235069, 32.8314942], [35.0262106, 32.8314631], [35.027291, 32.8242949], [35.0320074, 32.8248196], [35.0342379, 32.818713], [35.032786, 32.8179371], [35.0327646, 32.817856], [35.0323783, 32.8176126], [35.0315592, 32.8172961], [35.0286838, 32.8164575], [35.026717, 32.8158318], [35.0257971, 32.8162444], [35.0257584, 32.8161828], [35.0257267, 32.8161325], [35.0256513, 32.8160256], [35.0265821, 32.8156106], [35.027883, 32.8150698], [35.0305506, 32.815888], [35.0310442, 32.8146542], [35.0311338, 32.8144026], [35.0319303, 32.8125692], [35.0334204, 32.81305], [35.0359207, 32.813847], [35.0367525, 32.8118208], [35.0300463, 32.8095439], [35.0297651, 32.8086371], [35.0292388, 32.8087581], [35.0290057, 32.8087119], [35.0288378, 32.8085956], [35.0287237, 32.8082748], [35.0288211, 32.8082086], [35.0287412, 32.8078471], [35.0287216, 32.8073292], [35.0288511, 32.8072444], [35.0287807, 32.8070119], [35.0303946, 32.8066546], [35.0308851, 32.806546], [35.0312094, 32.8064742], [35.0319446, 32.8063114], [35.0313033, 32.8043646], [35.0310424, 32.8044226], [35.0304822, 32.8045473], [35.0300486, 32.8046437], [35.0296848, 32.8047247], [35.0295554, 32.8048681], [35.0295513, 32.8051343], [35.0295439, 32.8056185], [35.0295416, 32.8057658], [35.0292727, 32.8058232], [35.0288942, 32.8059039], [35.0286163, 32.8059632], [35.0285783, 32.8059927], [35.0285477, 32.8060469], [35.0285166, 32.8061568], [35.0283488, 32.8062197], [35.0282352, 32.8062019], [35.0281852, 32.8061732], [35.0281243, 32.8060887], [35.0278818, 32.8061431], [35.027512, 32.8062209], [35.0275434, 32.806582], [35.0279047, 32.8067684]]}}, {"type": "Feature", "properties": {"osm_id": 416900333, "tags": {"area": "yes", "man_made": "breakwater"}}, "geometry": {"type": "LineString", "coordinates": [[34.954305, 32.8068398], [34.9543845, 32.8068041], [34.9544058, 32.8067506], [34.9543527, 32.8065901], [34.9543209, 32.8064072], [34.9542572, 32.8061397], [34.9542413, 32.8060015], [34.9542997, 32.8053727], [34.9543527, 32.8051185], [34.9543633, 32.8050071], [34.9544058, 32.8049536], [34.9544005, 32.8048019], [34.9543898, 32.8047038], [34.9544058, 32.8045879], [34.9544694, 32.804463], [34.9544376, 32.8044095], [34.9543898, 32.8044051], [34.954305, 32.8044853], [34.9542678, 32.8048867], [34.9542148, 32.8051319], [34.9541564, 32.8057696], [34.9541352, 32.806055], [34.9541352, 32.8063359], [34.9541458, 32.8064786], [34.9541723, 32.806599], [34.9541617, 32.8067417], [34.9541989, 32.8067952], [34.954305, 32.8068398]]}}, {"type": "Feature", "properties": {"osm_id": 416902041, "tags": {"area": "yes", "height": "5", "man_made": "breakwater", "material": "concrete"}}, "geometry": {"type": "LineString", "coordinates": [[35.0006768, 32.8272772], [35.0007434, 32.8274023], [35.001909, 32.8269892], [35.0037606, 32.8263407], [35.0050888, 32.825895], [35.0062504, 32.8256421], [35.0072156, 32.8255448], [35.008105, 32.8255386], [35.0095405, 32.8256051], [35.0097655, 32.8257387], [35.0099464, 32.825823], [35.0102849, 32.8258921], [35.0104887, 32.8258687], [35.0126689, 32.8264197], [35.0145585, 32.8269252], [35.0153078, 32.8272276], [35.0154195, 32.8273143], [35.0157743, 32.827474], [35.0160765, 32.8277015], [35.0167961, 32.8286251], [35.0172721, 32.8292412], [35.0177348, 32.8299275], [35.0180379, 32.8305678], [35.0182488, 32.8312257], [35.0184296, 32.8321855], [35.0188638, 32.8348984], [35.0189139, 32.8349681], [35.0190272, 32.8350263], [35.0191346, 32.8350312], [35.0192125, 32.8350086], [35.0192725, 32.8349326], [35.0192932, 32.8348047], [35.0189488, 32.8327784], [35.0187943, 32.831698], [35.0186484, 32.8310754], [35.0184032, 32.8303448], [35.018135, 32.8298209], [35.017816, 32.8292992], [35.0166132, 32.8276749], [35.0164371, 32.8274576], [35.0162279, 32.8272961], [35.0160031, 32.8272718], [35.0145753, 32.8267073], [35.0123507, 32.8261102], [35.01052, 32.8256769], [35.0103222, 32.8255804], [35.0099999, 32.8255159], [35.0096493, 32.8254971], [35.0087414, 32.8254401], [35.0080698, 32.8253977], [35.0072238, 32.8254021], [35.0062984, 32.8254859], [35.0057676, 32.8255815], [35.0049574, 32.8257705], [35.0037481, 32.8261876], [35.0018773, 32.8268582], [35.0006768, 32.8272772]]}}, {"type": "Feature", "properties": {"osm_id": 416903915, "tags": {"area": "yes", "man_made": "breakwater"}}, "geometry": {"type": "LineString", "coordinates": [[35.0192897, 32.8124323], [35.0195624, 32.8137182], [35.0197337, 32.8140479], [35.0200176, 32.8143482], [35.0203393, 32.8145576], [35.0215438, 32.8150142], [35.0217837, 32.8151182], [35.0220974, 32.8152946], [35.0224452, 32.8155935], [35.0226767, 32.8158537], [35.0227499, 32.8159773], [35.0228061, 32.8160224], [35.022897, 32.8160336], [35.0229534, 32.8159947], [35.0229661, 32.8159454], [35.0229571, 32.8158928], [35.0229256, 32.8158688], [35.0228737, 32.815851], [35.022553, 32.8155241], [35.0224203, 32.815415], [35.022506, 32.8153413], [35.0225014, 32.8152977], [35.0225259, 32.815275], [35.0225048, 32.8152478], [35.0224672, 32.8152777], [35.0224681, 32.8153276], [35.0224463, 32.815347], [35.022398, 32.8153377], [35.022337, 32.8153135], [35.022074, 32.815145], [35.0215781, 32.8148925], [35.0215597, 32.8148704], [35.0215471, 32.8148415], [35.0215397, 32.8148214], [35.021507, 32.8148103], [35.0214595, 32.8148289], [35.0214095, 32.8148336], [35.0205438, 32.8145107], [35.0204594, 32.8144876], [35.0201897, 32.8143247], [35.020166, 32.8142853], [35.0201683, 32.8142518], [35.0201887, 32.8142236], [35.0201716, 32.81419], [35.0201326, 32.8141692], [35.0200883, 32.8141658], [35.0200473, 32.814164], [35.0200158, 32.8141175], [35.0199545, 32.8140987], [35.0198184, 32.8139327], [35.019781, 32.8138128], [35.0197153, 32.8136024], [35.0196382, 32.8132364], [35.019593, 32.8128351], [35.0195915, 32.8127645], [35.0196095, 32.8127341], [35.0193844, 32.8125797], [35.0192897, 32.8124323]]}}, {"type": "Feature", "properties": {"osm_id": 416904472, "tags": {"area": "yes", "man_made": "breakwater"}}, "geometry": {"type": "LineString", "coordinates": [[35.026717, 32.8158318], [35.0265821, 32.8156106], [35.0256513, 32.8160256], [35.0257267, 32.8161325], [35.0257584, 32.8161828], [35.0257971, 32.8162444], [35.026717, 32.8158318]]}}, {"type": "Feature", "properties": {"osm_id": 416906488, "tags": {"area": "yes", "height": "5", "man_made": "breakwater", "material": "concrete"}}, "geometry": {"type": "LineString", "coordinates": [[34.9919884, 32.8327159], [34.9924841, 32.8327343], [34.9966734, 32.8331935], [34.9978857, 32.8332435], [34.9994222, 32.8332391], [34.9998609, 32.8331892], [35.0000359, 32.833224], [35.0001169, 32.8332778], [35.0001652, 32.8333586], [35.0001801, 32.8334345], [35.0001491, 32.8335235], [35.0001137, 32.8335929], [35.0000529, 32.8336454], [34.9999803, 32.8336716], [34.9998932, 32.8336804], [34.9997872, 32.8336646], [34.9996261, 32.8335911], [34.9994788, 32.8335198], [34.9992578, 32.8335163], [34.9987722, 32.8335101], [34.9974859, 32.8335114], [34.9961648, 32.8334353], [34.9953262, 32.8333388], [34.9945001, 32.833244], [34.993471, 32.8331447], [34.9923814, 32.8330035], [34.9921245, 32.833008], [34.9918623, 32.8330261], [34.9916109, 32.8330813], [34.990985, 32.833304], [34.9908159, 32.8333105], [34.9907191, 32.8332669], [34.9906393, 32.833173], [34.9906091, 32.8330407], [34.990654, 32.8329167], [34.9907658, 32.83283], [34.9909402, 32.8327921], [34.9912045, 32.8329033], [34.9913064, 32.8328884], [34.9914032, 32.8328619], [34.991573, 32.8327941], [34.9919884, 32.8327159]]}}, {"type": "Feature", "properties": {"osm_id": 416906489, "tags": {"area": "yes", "man_made": "breakwater"}}, "geometry": {"type": "LineString", "coordinates": [[34.9982346, 32.8302416], [34.9980188, 32.8303117], [34.998421, 32.8316778], [34.9983791, 32.8317285], [34.9983659, 32.831791], [34.9983907, 32.8318724], [34.9984711, 32.8319388], [34.9985646, 32.8319435], [34.99866, 32.8319243], [34.9987309, 32.8318623], [34.9987483, 32.831771], [34.9987034, 32.831659], [34.9986117, 32.8315479], [34.9982346, 32.8302416]]}}, {"type": "Feature", "properties": {"osm_id": 416907613, "tags": {"area": "yes", "man_made": "pier"}}, "geometry": {"type": "LineString", "coordinates": [[35.0054857, 32.8180933], [35.0046611, 32.8205301], [35.0046676, 32.8206355], [35.0047755, 32.8206573], [35.0048318, 32.8206029], [35.0057048, 32.8181105], [35.0054857, 32.8180933]]}}, {"type": "Feature", "properties": {"osm_id": 416907614, "tags": {"area": "yes", "man_made": "pier"}}, "geometry": {"type": "LineString", "coordinates": [[35.0065394, 32.8181937], [35.0053737, 32.8216724], [35.0054357, 32.8218154], [35.0055573, 32.8216995], [35.0067167, 32.8182023], [35.0065394, 32.8181937]]}}, {"type": "Feature", "properties": {"osm_id": 416907615, "tags": {"area": "yes", "man_made": "pier"}}, "geometry": {"type": "LineString", "coordinates": [[35.0081707, 32.8227364], [35.0071103, 32.8223049], [35.0070627, 32.822273], [35.0070178, 32.8222612], [35.0069796, 32.8222562], [35.0069416, 32.8222617], [35.0069077, 32.8222772], [35.0068815, 32.8223011], [35.0068658, 32.8223307], [35.0068622, 32.822363], [35.0068712, 32.8223945], [35.0068917, 32.822422], [35.0069216, 32.8224425], [35.0069578, 32.8224538], [35.0069964, 32.8224548], [35.0070333, 32.8224453], [35.0070646, 32.8224264], [35.0070871, 32.8224], [35.0070985, 32.8223784], [35.0081475, 32.8228037], [35.0081707, 32.8227364]]}}, {"type": "Feature", "properties": {"osm_id": 416914082, "tags": {"area": "yes", "man_made": "pier"}}, "geometry": {"type": "LineString", "coordinates": [[34.9919413, 32.8271002], [34.9918558, 32.8271453], [34.9920288, 32.8274797], [34.9921535, 32.8274442], [34.9941765, 32.8267739], [34.9941009, 32.8266366], [34.9923002, 32.82722], [34.992184, 32.8269818], [34.9921048, 32.8269768], [34.9921172, 32.8270356], [34.9919413, 32.8271002]]}}, {"type": "Feature", "properties": {"osm_id": 417148214, "tags": {"area": "yes", "man_made": "breakwater"}}, "geometry": {"type": "LineString", "coordinates": [[34.8837007, 32.4665285], [34.8830448, 32.4666654], [34.8820694, 32.4669881], [34.8813426, 32.4674561], [34.8809218, 32.4681983], [34.8809034, 32.4683996], [34.8796766, 32.4732891], [34.8797398, 32.4734831], [34.8797032, 32.4736465], [34.8795865, 32.4737094], [34.879415, 32.4737132], [34.8792615, 32.4736356], [34.879196, 32.4734772], [34.8793172, 32.4725677], [34.8794594, 32.4722251], [34.8804416, 32.468452], [34.8806663, 32.4678736], [34.8812971, 32.4671742], [34.881927, 32.4667579], [34.882347, 32.4665954], [34.883458, 32.4663225], [34.8837007, 32.4665285]]}}, {"type": "Feature", "properties": {"osm_id": 417148226, "tags": {"area": "yes", "man_made": "breakwater"}}, "geometry": {"type": "LineString", "coordinates": [[34.8853329, 32.4726568], [34.8826841, 32.473208], [34.882194, 32.4732702], [34.8820327, 32.4731452], [34.8819408, 32.4731413], [34.8817521, 32.4731334], [34.881501, 32.4730357], [34.8813409, 32.4730074], [34.881191, 32.4730368], [34.8811373, 32.4731959], [34.8812091, 32.4733065], [34.8813637, 32.4733854], [34.8822043, 32.4735244], [34.8828, 32.4734004], [34.88418, 32.4730673], [34.8853714, 32.472827], [34.8853329, 32.4726568]]}}, {"type": "Feature", "properties": {"osm_id": 417154181, "tags": {"area": "yes", "man_made": "breakwater"}}, "geometry": {"type": "LineString", "coordinates": [[34.7960891, 32.1647458], [34.7966918, 32.1646543], [34.7967833, 32.1646667], [34.7968252, 32.1646495], [34.796793, 32.1646154], [34.7968667, 32.1645393], [34.7967273, 32.1645604], [34.7963311, 32.1646317], [34.7953648, 32.1647986], [34.7952754, 32.1648069], [34.7950817, 32.1648122], [34.7950824, 32.1647925], [34.7950837, 32.1647741], [34.7949665, 32.1647642], [34.794874, 32.1647509], [34.7948957, 32.1646911], [34.7943633, 32.1645853], [34.7941862, 32.1645435], [34.7940488, 32.1645138], [34.7939396, 32.1644857], [34.7938703, 32.164455], [34.7938293, 32.1644464], [34.7937855, 32.1644536], [34.7937429, 32.1644753], [34.7936624, 32.1645108], [34.7933888, 32.1645725], [34.7933278, 32.1645812], [34.7932789, 32.1645703], [34.7932132, 32.1645726], [34.7931775, 32.1646073], [34.7931901, 32.1646684], [34.7932325, 32.1646949], [34.7932915, 32.164701], [34.7933824, 32.1646672], [34.7936046, 32.1646086], [34.7937597, 32.1646103], [34.7947341, 32.1648239], [34.7952956, 32.1648638], [34.7960891, 32.1647458]]}}, {"type": "Feature", "properties": {"osm_id": 417154188, "tags": {"area": "yes", "man_made": "breakwater"}}, "geometry": {"type": "LineString", "coordinates": [[34.7947713, 32.1578558], [34.795307, 32.1577568], [34.7942456, 32.1580308], [34.7942835, 32.1580611], [34.793044, 32.1583801], [34.7930615, 32.1584334], [34.7929415, 32.1584578], [34.7929453, 32.1584691], [34.79249, 32.1585982], [34.7923434, 32.1586547], [34.792183, 32.1587352], [34.7919931, 32.1588815], [34.7918945, 32.1589829], [34.791779, 32.1591282], [34.7916802, 32.1593349], [34.7916071, 32.1596585], [34.7915587, 32.1601065], [34.7927636, 32.1656379], [34.7928291, 32.165735], [34.7928252, 32.1658069], [34.7927572, 32.1658572], [34.7926754, 32.1658849], [34.7925966, 32.1658585], [34.7925795, 32.1657845], [34.7913241, 32.160156], [34.7913559, 32.1596281], [34.7914832, 32.1591811], [34.791724, 32.1588604], [34.7919981, 32.1586007], [34.7923506, 32.1584179], [34.7927843, 32.1582765], [34.7947713, 32.1578558]]}}, {"type": "Feature", "properties": {"osm_id": 417156401, "tags": {"area": "yes", "man_made": "breakwater", "material": "rock"}}, "geometry": {"type": "LineString", "coordinates": [[34.7758487, 32.1048589], [34.7755393, 32.105259], [34.7749863, 32.1059328], [34.7750332, 32.1060142], [34.7750565, 32.1060545], [34.775074, 32.106077], [34.7750735, 32.1060926], [34.7750627, 32.1061285], [34.7750185, 32.106171], [34.774989, 32.106188], [34.7749735, 32.1061884], [34.774862, 32.1061632], [34.774808, 32.1061783], [34.7747655, 32.1062074], [34.774694, 32.106273], [34.7737636, 32.107404], [34.773687, 32.1074971], [34.7736761, 32.10756], [34.7737121, 32.1076623], [34.7736926, 32.1077182], [34.773663, 32.1077603], [34.7736274, 32.1077846], [34.7734322, 32.1078288], [34.7733062, 32.108088], [34.7733456, 32.1083748], [34.7734613, 32.1086778], [34.7737034, 32.10898], [34.7737304, 32.1090898], [34.7736798, 32.1091737], [34.7735988, 32.1092349], [34.7734888, 32.1092493], [34.7733662, 32.1092083], [34.7732957, 32.1091389], [34.7730668, 32.1082865], [34.7730787, 32.1080777], [34.7730914, 32.1079576], [34.773178, 32.1078355], [34.7732053, 32.1077119], [34.7732546, 32.1076055], [34.7741427, 32.1066045], [34.7744178, 32.1062623], [34.7746546, 32.1060179], [34.774703, 32.1059938], [34.7747272, 32.1059649], [34.7747329, 32.1059101], [34.7759404, 32.1045282], [34.7760478, 32.104465], [34.7759774, 32.1045458], [34.7759918, 32.1045546], [34.7760125, 32.1045665], [34.7758806, 32.1047078], [34.7759107, 32.1047312], [34.7759258, 32.1047411], [34.7758487, 32.1048589]]}}, {"type": "Feature", "properties": {"osm_id": 417156409, "tags": {"area": "yes", "man_made": "breakwater", "material": "rock", "seamark:type": "obstruction"}}, "geometry": {"type": "LineString", "coordinates": [[34.7758467, 32.1086909], [34.7762592, 32.1088361], [34.7764206, 32.1089193], [34.7765029, 32.1089588], [34.7765484, 32.1089726], [34.7766314, 32.1089773], [34.7766593, 32.1089805], [34.7767401, 32.1090005], [34.7767591, 32.1090175], [34.7772718, 32.1090492], [34.777354, 32.109097], [34.7772718, 32.1090696], [34.7766421, 32.1090296], [34.776447, 32.1089929], [34.7760545, 32.1088394], [34.775814, 32.1087516], [34.7757015, 32.1087105], [34.7747608, 32.108392], [34.7747145, 32.1083994], [34.7746916, 32.1084163], [34.7746587, 32.108457], [34.7746298, 32.1084723], [34.7745684, 32.1084607], [34.7744973, 32.1084271], [34.7744357, 32.1083466], [34.7744316, 32.1082368], [34.7744618, 32.1081568], [34.7745293, 32.1081057], [34.7745794, 32.1080838], [34.7746883, 32.1080732], [34.7747777, 32.1080758], [34.7748522, 32.1081004], [34.7757788, 32.1085005], [34.775931, 32.108356], [34.7762588, 32.1079613], [34.7764399, 32.1077668], [34.7766811, 32.1075271], [34.776684, 32.1075073], [34.7766824, 32.1074671], [34.7766102, 32.1073789], [34.776582, 32.1073636], [34.776529, 32.107358], [34.7764841, 32.1073853], [34.7763345, 32.1072008], [34.7763058, 32.1071916], [34.7762785, 32.1071949], [34.7759859, 32.1072348], [34.7759376, 32.1072365], [34.7759324, 32.1072557], [34.7757051, 32.1072121], [34.7757097, 32.1071951], [34.7750951, 32.1070803], [34.7750608, 32.1070472], [34.775056, 32.1070099], [34.7750822, 32.1069641], [34.7751207, 32.1069648], [34.775871, 32.107094], [34.7760207, 32.1070987], [34.7761255, 32.1070839], [34.776274, 32.107046], [34.776374, 32.106994], [34.776466, 32.106841], [34.7764794, 32.1067434], [34.7765044, 32.1067279], [34.776567, 32.1066832], [34.7765698, 32.1066916], [34.7765898, 32.1066868], [34.7765933, 32.1067016], [34.7765199, 32.1069202], [34.7764505, 32.107031], [34.7763125, 32.1071002], [34.7762628, 32.1071151], [34.7762752, 32.10714], [34.7762861, 32.107172], [34.7763144, 32.1071607], [34.7763343, 32.1071636], [34.7764959, 32.1073579], [34.7765382, 32.1073325], [34.7765819, 32.107309], [34.7765952, 32.1072899], [34.776663, 32.1072442], [34.7767226, 32.1072667], [34.776769, 32.1072956], [34.7767897, 32.1073305], [34.77684, 32.1074362], [34.7768423, 32.1074656], [34.776831, 32.1075087], [34.7767709, 32.1075569], [34.7764641, 32.1078546], [34.7762868, 32.1080485], [34.7760929, 32.1082911], [34.7760303, 32.1083694], [34.7759611, 32.108509], [34.7759163, 32.1085603], [34.7758467, 32.1086909]]}}, {"type": "Feature", "properties": {"osm_id": 417157477, "tags": {"area": "yes", "man_made": "breakwater"}}, "geometry": {"type": "LineString", "coordinates": [[34.76846, 32.084748], [34.7675291, 32.085121], [34.7672359, 32.0852399], [34.7669496, 32.0853682], [34.7668457, 32.0854374], [34.766738, 32.0855278], [34.7666478, 32.0856009], [34.7665699, 32.0857021], [34.7665149, 32.0857839], [34.7664691, 32.0859022], [34.766399, 32.086116], [34.7663893, 32.0861914], [34.7663895, 32.0862658], [34.7663918, 32.0864043], [34.7664043, 32.0864926], [34.766711, 32.087717], [34.7667179, 32.0877368], [34.766813, 32.087836], [34.766828, 32.0878839], [34.7668296, 32.0879192], [34.7668194, 32.0879436], [34.7668039, 32.0879605], [34.7667785, 32.0879742], [34.7667482, 32.0879865], [34.7667261, 32.087992], [34.7667123, 32.087991], [34.7666986, 32.0879879], [34.7666758, 32.087974], [34.7666622, 32.087956], [34.7666376, 32.0879328], [34.7666214, 32.087919], [34.7666101, 32.0879046], [34.7666095, 32.0878913], [34.7666097, 32.0878761], [34.7666031, 32.0878587], [34.7665889, 32.0878373], [34.7665714, 32.0878286], [34.7664832, 32.087708], [34.7662238, 32.0866025], [34.7662061, 32.0864667], [34.7661924, 32.0861396], [34.7662429, 32.0859176], [34.7663136, 32.0857535], [34.766382, 32.0856206], [34.7664177, 32.085548], [34.7665157, 32.0853985], [34.7665755, 32.0853793], [34.7666213, 32.0853488], [34.7666594, 32.0853208], [34.7667149, 32.0852919], [34.7667795, 32.0852525], [34.7669075, 32.0851833], [34.7670375, 32.0851348], [34.7674181, 32.0849938], [34.7680218, 32.0847701], [34.7683267, 32.0846485], [34.7684761, 32.0846027], [34.7684682, 32.0846844], [34.76846, 32.084748]]}}, {"type": "Feature", "properties": {"osm_id": 417157491, "tags": {"area": "yes", "man_made": "breakwater"}}, "geometry": {"type": "LineString", "coordinates": [[34.7682648, 32.0871112], [34.7682378, 32.0871145], [34.7673423, 32.0872236], [34.767306, 32.0872206], [34.7672684, 32.0872129], [34.7672333, 32.0872022], [34.7671987, 32.0872016], [34.7671582, 32.0872051], [34.7671274, 32.0872159], [34.7671077, 32.0872304], [34.767088, 32.0872524], [34.7670788, 32.0872705], [34.7670726, 32.0873056], [34.7670812, 32.0873404], [34.7671029, 32.0873709], [34.7671353, 32.0873934], [34.7671748, 32.0874054], [34.7672167, 32.0874055], [34.7672562, 32.0873937], [34.7672833, 32.0873752], [34.7673089, 32.0873581], [34.7673435, 32.0873429], [34.7673728, 32.0873334], [34.7678702, 32.0872768], [34.768258, 32.0872279], [34.7689598, 32.0871435], [34.7689295, 32.0870956], [34.7682738, 32.0871685], [34.7682687, 32.0871338], [34.7682648, 32.0871112]]}}, {"type": "Feature", "properties": {"osm_id": 417158413, "tags": {"area": "yes", "man_made": "breakwater", "seamark:shoreline_construction:category": "breakwater", "seamark:type": "shoreline_construction"}}, "geometry": {"type": "LineString", "coordinates": [[34.764536, 32.081509], [34.7644757, 32.081485], [34.7644119, 32.081503], [34.7643517, 32.0815901], [34.7645324, 32.0821186], [34.7647699, 32.0826922], [34.7648691, 32.0827372], [34.7649967, 32.0826591], [34.7647699, 32.0822838], [34.7647274, 32.0821306], [34.7645537, 32.0816772], [34.764575, 32.0815811], [34.764536, 32.081509]]}}, {"type": "Feature", "properties": {"osm_id": 417158416, "tags": {"area": "yes", "man_made": "breakwater", "seamark:shoreline_construction:category": "breakwater", "seamark:type": "shoreline_construction"}}, "geometry": {"type": "LineString", "coordinates": [[34.7635826, 32.079389], [34.7638236, 32.0800346], [34.7638236, 32.0801487], [34.7639512, 32.080437], [34.7640398, 32.080491], [34.7641142, 32.080413], [34.7637634, 32.0795661], [34.7637882, 32.0794941], [34.7637811, 32.07941], [34.7637527, 32.0793289], [34.7636854, 32.0793109], [34.7635968, 32.0793199], [34.7635826, 32.079389]]}}, {"type": "Feature", "properties": {"osm_id": 417158418, "tags": {"area": "yes", "man_made": "breakwater", "seamark:shoreline_construction:category": "breakwater", "seamark:type": "shoreline_construction"}}, "geometry": {"type": "LineString", "coordinates": [[34.7635862, 32.0772208], [34.7635117, 32.0771457], [34.7634196, 32.0772088], [34.7634338, 32.077371], [34.7634763, 32.0775301], [34.7637988, 32.0782298], [34.7638059, 32.0783229], [34.7639193, 32.0783379], [34.7639796, 32.0783109], [34.7639654, 32.0782328], [34.7639016, 32.0781848], [34.7635862, 32.077371], [34.763572, 32.0772869], [34.7635862, 32.0772208]]}}, {"type": "Feature", "properties": {"osm_id": 417159308, "tags": {"area": "yes", "man_made": "breakwater", "seamark:shoreline_construction:category": "breakwater", "seamark:type": "shoreline_construction"}}, "geometry": {"type": "LineString", "coordinates": [[34.7622355, 32.0751194], [34.7621362, 32.0752582], [34.7622008, 32.0753928], [34.7622752, 32.0755022], [34.7622852, 32.0756157], [34.7624241, 32.0759102], [34.7624887, 32.0760532], [34.7625135, 32.0762382], [34.7625582, 32.0763055], [34.7626177, 32.0763139], [34.762712, 32.076234], [34.7626674, 32.0761415], [34.7625135, 32.0758597], [34.7623447, 32.0754517], [34.76231, 32.0752877], [34.7622901, 32.0751657], [34.7622355, 32.0751194]]}}, {"type": "Feature", "properties": {"osm_id": 417159311, "tags": {"area": "yes", "man_made": "breakwater", "seamark:shoreline_construction:category": "breakwater", "seamark:type": "shoreline_construction"}}, "geometry": {"type": "LineString", "coordinates": [[34.7615108, 32.073008], [34.7613619, 32.0730585], [34.7613967, 32.0732183], [34.7615257, 32.0734875], [34.7616399, 32.0738744], [34.7617143, 32.0739922], [34.7617193, 32.0741184], [34.7618285, 32.074232], [34.7619526, 32.0742109], [34.7619774, 32.074152], [34.7619327, 32.0740385], [34.7618484, 32.073946], [34.7618434, 32.0738744], [34.761764, 32.0736684], [34.7617044, 32.0735211], [34.7616697, 32.0734202], [34.761625, 32.0732982], [34.7616101, 32.0732435], [34.7615456, 32.0731846], [34.7615902, 32.0731258], [34.7615108, 32.073008]]}}, {"type": "Feature", "properties": {"osm_id": 417159314, "tags": {"area": "yes", "man_made": "breakwater", "seamark:shoreline_construction:category": "breakwater", "seamark:type": "shoreline_construction"}}, "geometry": {"type": "LineString", "coordinates": [[34.7610194, 32.0720153], [34.761074, 32.0720742], [34.7611782, 32.0720322], [34.761213, 32.0719775], [34.7611534, 32.0718723], [34.7608109, 32.070968], [34.7608407, 32.0709007], [34.7607563, 32.0708502], [34.7607414, 32.0708923], [34.7606223, 32.0708797], [34.7606074, 32.0709217], [34.7606273, 32.0710017], [34.7610194, 32.0720153]]}}, {"type": "Feature", "properties": {"osm_id": 417159316, "tags": {"area": "yes", "man_made": "breakwater", "seamark:shoreline_construction:category": "breakwater", "seamark:type": "shoreline_construction"}}, "geometry": {"type": "LineString", "coordinates": [[34.7616129, 32.0682025], [34.7613528, 32.0686869], [34.7608953, 32.0693949], [34.7609003, 32.069458], [34.7608358, 32.0695463], [34.7607563, 32.0695379], [34.7607067, 32.0694453], [34.760806, 32.0692897], [34.7608109, 32.069214], [34.7609301, 32.0690499], [34.7609797, 32.0690121], [34.7611485, 32.068705], [34.7612064, 32.0686266], [34.761409, 32.0682742], [34.7616129, 32.0682025]]}}, {"type": "Feature", "properties": {"osm_id": 417161640, "tags": {"area": "yes", "man_made": "breakwater", "seamark:shoreline_construction:category": "breakwater", "seamark:type": "shoreline_construction", "source": "Bing"}}, "geometry": {"type": "LineString", "coordinates": [[34.7484458, 32.051305], [34.7484365, 32.0516471], [34.7483679, 32.0516495], [34.7483771, 32.0520315], [34.748416, 32.052263], [34.7497464, 32.0545939], [34.7502056, 32.0557061], [34.7500551, 32.0557576], [34.7495981, 32.0547355], [34.7484616, 32.0527743], [34.748198, 32.052269], [34.7481162, 32.0517552], [34.7481011, 32.0515656], [34.7482966, 32.0513866], [34.7482949, 32.0513014], [34.7484458, 32.051305]]}}, {"type": "Feature", "properties": {"osm_id": 417161642, "tags": {"man_made": "pier"}}, "geometry": {"type": "LineString", "coordinates": [[34.7487719, 32.0516485], [34.7487863, 32.0521519]]}}, {"type": "Feature", "properties": {"osm_id": 417161644, "tags": {"man_made": "pier"}}, "geometry": {"type": "LineString", "coordinates": [[34.7491011, 32.0516476], [34.7491895, 32.0520527]]}}, {"type": "Feature", "properties": {"osm_id": 417161645, "tags": {"man_made": "pier"}}, "geometry": {"type": "LineString", "coordinates": [[34.7495316, 32.0518221], [34.749381, 32.0519057]]}}, {"type": "Feature", "properties": {"osm_id": 417161647, "tags": {"man_made": "pier"}}, "geometry": {"type": "LineString", "coordinates": [[34.74887, 32.0524727], [34.7495766, 32.0522318]]}}, {"type": "Feature", "properties": {"osm_id": 417161649, "tags": {"man_made": "pier"}}, "geometry": {"type": "LineString", "coordinates": [[34.749087, 32.0527953], [34.7495939, 32.0525317]]}}, {"type": "Feature", "properties": {"osm_id": 417161650, "tags": {"man_made": "pier"}}, "geometry": {"type": "LineString", "coordinates": [[34.7491956, 32.0531488], [34.7496222, 32.0529627]]}}, {"type": "Feature", "properties": {"osm_id": 417161652, "tags": {"man_made": "pier"}}, "geometry": {"type": "LineString", "coordinates": [[34.7496909, 32.0533298], [34.7493955, 32.0534647]]}}, {"type": "Feature", "properties": {"osm_id": 417161653, "tags": {"man_made": "pier"}}, "geometry": {"type": "LineString", "coordinates": [[34.749854, 32.0536581], [34.7495954, 32.0537868]]}}, {"type": "Feature", "properties": {"osm_id": 417161655, "tags": {"man_made": "pier"}}, "geometry": {"type": "LineString", "coordinates": [[34.7502039, 32.0539157], [34.7497855, 32.0541069]]}}, {"type": "Feature", "properties": {"osm_id": 417187208, "tags": {"area": "yes", "man_made": "breakwater"}}, "geometry": {"type": "LineString", "coordinates": [[34.6401214, 31.8178909], [34.6399545, 31.8179788], [34.6388294, 31.8186795], [34.6376694, 31.8195304], [34.6369183, 31.8202672], [34.6364358, 31.8208081], [34.6353961, 31.8224266], [34.6350372, 31.8233823], [34.6349958, 31.8234927], [34.6347755, 31.8236828], [34.6346994, 31.8240069], [34.634584, 31.8244788], [34.6344942, 31.8250592], [34.6344252, 31.8256946], [34.6344556, 31.8263455], [34.6345002, 31.827327], [34.6345661, 31.8280223], [34.6348209, 31.8288213], [34.6351878, 31.8298696], [34.6372209, 31.8339076], [34.6371238, 31.8340807], [34.6372263, 31.8342708], [34.6366943, 31.8354508], [34.6364028, 31.8363386], [34.6363112, 31.8373766], [34.6363031, 31.838202], [34.6364281, 31.8392055], [34.6374103, 31.8429747], [34.6375106, 31.8433598], [34.6375534, 31.8436393], [34.6375183, 31.8439066], [34.6373916, 31.8442406], [34.6373545, 31.8444242], [34.6372909, 31.8446241], [34.6368904, 31.8476441], [34.6366143, 31.8497429], [34.6367342, 31.8499378], [34.6369769, 31.8500238], [34.6371949, 31.8499636], [34.6373593, 31.8497471], [34.6373858, 31.8493777], [34.6372148, 31.8488772], [34.6373009, 31.8484026], [34.6373336, 31.847769], [34.6377394, 31.8447111], [34.6378416, 31.8445897], [34.6379242, 31.8445919], [34.6380738, 31.8443161], [34.6381118, 31.8441105], [34.6380414, 31.8438824], [34.6380351, 31.8433763], [34.636849, 31.8391594], [34.6367488, 31.8384851], [34.6366989, 31.8378102], [34.6367326, 31.8371495], [34.6368283, 31.8365256], [34.6369699, 31.8360223], [34.6371351, 31.835551], [34.6376039, 31.8346177], [34.6377085, 31.8345352], [34.6379161, 31.8344755], [34.6380047, 31.8343866], [34.6380597, 31.8342707], [34.6380135, 31.8340955], [34.6378207, 31.8339746], [34.6375905, 31.8339682], [34.6355864, 31.8297469], [34.6352478, 31.8288756], [34.6349829, 31.8279676], [34.6348745, 31.8272688], [34.6348005, 31.8263076], [34.6348264, 31.8254191], [34.634984, 31.8245724], [34.6352993, 31.8234562], [34.6352089, 31.8234307], [34.6357818, 31.8221663], [34.6361895, 31.82148], [34.636951, 31.8204473], [34.6371441, 31.8204235], [34.6377406, 31.8198438], [34.6383657, 31.8193092], [34.6394601, 31.8185794], [34.6393787, 31.8184878], [34.6397523, 31.818266], [34.6401446, 31.8180557], [34.6404867, 31.8178721], [34.6404182, 31.8177742], [34.6402531, 31.817861], [34.6401214, 31.8178909]]}}, {"type": "Feature", "properties": {"osm_id": 417188445, "tags": {"man_made": "breakwater"}}, "geometry": {"type": "LineString", "coordinates": [[34.6535356, 31.8412258], [34.6539588, 31.841147], [34.6542127, 31.8410789]]}}, {"type": "Feature", "properties": {"osm_id": 417189830, "tags": {"man_made": "pier"}}, "geometry": {"type": "LineString", "coordinates": [[34.63942, 31.8223063], [34.6395346, 31.8223672], [34.6396446, 31.8223959], [34.6397574, 31.8223983], [34.6399406, 31.8223744], [34.6400675, 31.8222977], [34.6401633, 31.8222234]]}}, {"type": "Feature", "properties": {"osm_id": 417190850, "tags": {"area": "yes", "man_made": "pier"}}, "geometry": {"type": "LineString", "coordinates": [[34.6428251, 31.8202131], [34.6409458, 31.821854], [34.6411427, 31.8220026], [34.6429974, 31.8203418], [34.6428251, 31.8202131]]}}, {"type": "Feature", "properties": {"osm_id": 417245392, "tags": {"man_made": "pier"}}, "geometry": {"type": "LineString", "coordinates": [[34.6289259, 31.7945316], [34.6284493, 31.7947207]]}}, {"type": "Feature", "properties": {"osm_id": 417245394, "tags": {"area": "yes", "man_made": "pier"}}, "geometry": {"type": "LineString", "coordinates": [[34.628254, 31.7943471], [34.6284493, 31.7947207], [34.6286402, 31.7950858], [34.6282158, 31.7949517], [34.6280341, 31.7948943], [34.6281026, 31.7947238], [34.628254, 31.7943471]]}}, {"type": "Feature", "properties": {"osm_id": 417245396, "tags": {"man_made": "pier"}}, "geometry": {"type": "LineString", "coordinates": [[34.6283328, 31.7961138], [34.6286402, 31.7950858]]}}, {"type": "Feature", "properties": {"osm_id": 417245398, "tags": {"man_made": "pier"}}, "geometry": {"type": "LineString", "coordinates": [[34.6268393, 31.7937675], [34.628254, 31.7943471]]}}, {"type": "Feature", "properties": {"osm_id": 417245400, "tags": {"man_made": "pier"}}, "geometry": {"type": "LineString", "coordinates": [[34.6266428, 31.7941324], [34.6281026, 31.7947238]]}}, {"type": "Feature", "properties": {"osm_id": 417245401, "tags": {"man_made": "pier"}}, "geometry": {"type": "LineString", "coordinates": [[34.6277425, 31.7963665], [34.6282158, 31.7949517]]}}, {"type": "Feature", "properties": {"osm_id": 417245403, "tags": {"man_made": "pier"}}, "geometry": {"type": "LineString", "coordinates": [[34.6272758, 31.7962799], [34.6276878, 31.7950188], [34.6264315, 31.7944812]]}}, {"type": "Feature", "properties": {"osm_id": 417245405, "tags": {"man_made": "pier"}}, "geometry": {"type": "LineString", "coordinates": [[34.6280341, 31.7948943], [34.6276878, 31.7950188], [34.6270331, 31.7952742]]}}, {"type": "Feature", "properties": {"osm_id": 417245411, "tags": {"man_made": "pier"}}, "geometry": {"type": "LineString", "coordinates": [[34.6269721, 31.7954712], [34.6269227, 31.7956171], [34.6268725, 31.7957654], [34.6268176, 31.7959273]]}}, {"type": "Feature", "properties": {"osm_id": 417245413, "tags": {"man_made": "pier", "name": "F-3"}}, "geometry": {"type": "LineString", "coordinates": [[34.6266428, 31.7957096], [34.6268725, 31.7957654]]}}, {"type": "Feature", "properties": {"osm_id": 417245415, "tags": {"man_made": "pier", "name": "F-2"}}, "geometry": {"type": "LineString", "coordinates": [[34.6266957, 31.7955576], [34.6269227, 31.7956171]]}}, {"type": "Feature", "properties": {"osm_id": 417247289, "tags": {"area": "yes", "man_made": "breakwater"}}, "geometry": {"type": "LineString", "coordinates": [[34.6289559, 31.7963322], [34.6288306, 31.7964203], [34.6284528, 31.7966042], [34.6281132, 31.7967087], [34.6278396, 31.7967618], [34.6275921, 31.7967858], [34.6273567, 31.7967553], [34.6270298, 31.796655], [34.6267869, 31.7965246], [34.6265615, 31.7963632], [34.6265187, 31.7963326], [34.6264455, 31.7962434], [34.6263847, 31.7962866], [34.6262546, 31.7961422], [34.6261621, 31.796072], [34.6260056, 31.796064], [34.6258937, 31.7961287], [34.6258851, 31.7961383], [34.6258402, 31.7961888], [34.6258363, 31.7962642], [34.6258722, 31.7963196], [34.6260144, 31.7963524], [34.6261135, 31.7963344], [34.6262411, 31.7964767], [34.6265139, 31.7967186], [34.6267006, 31.7968417], [34.6269244, 31.796933], [34.6271721, 31.7970126], [34.6274488, 31.7970392], [34.6277042, 31.7970291], [34.6279872, 31.7970101], [34.6282715, 31.7969392], [34.6287636, 31.7967856], [34.6290466, 31.7966269], [34.6289559, 31.7963322]]}}, {"type": "Feature", "properties": {"osm_id": 417248025, "tags": {"area": "yes", "man_made": "breakwater"}}, "geometry": {"type": "LineString", "coordinates": [[34.6267843, 31.7930937], [34.6266177, 31.7932654], [34.6264681, 31.7934484], [34.6261412, 31.7939661], [34.6259848, 31.7942718], [34.6258664, 31.7945775], [34.6257623, 31.7948659], [34.6256874, 31.7951938], [34.6256199, 31.795524], [34.6255927, 31.7958406], [34.6255848, 31.7961995], [34.6256225, 31.7965584], [34.625507, 31.7965666], [34.6256784, 31.7972906], [34.6259254, 31.7979024], [34.6260418, 31.798175], [34.6261241, 31.7982058], [34.6261718, 31.7982716], [34.626178, 31.7983319], [34.6261312, 31.7983972], [34.6260425, 31.7984494], [34.6259528, 31.7984426], [34.62589, 31.7983944], [34.6258438, 31.7983448], [34.6258306, 31.7982867], [34.6258367, 31.7982469], [34.6256005, 31.7978582], [34.6253921, 31.7972711], [34.6252412, 31.7965013], [34.6252294, 31.7958354], [34.6253201, 31.7951101], [34.6254874, 31.794475], [34.6257627, 31.7938279], [34.6261757, 31.7931631], [34.6267102, 31.7926935], [34.6267843, 31.7930937]]}}, {"type": "Feature", "properties": {"osm_id": 417254498, "tags": {"area": "yes", "man_made": "breakwater"}}, "geometry": {"type": "LineString", "coordinates": [[34.5565935, 31.6837299], [34.556263, 31.6837401], [34.5562087, 31.6837053], [34.55614, 31.6837112], [34.5560816, 31.6837536], [34.5560644, 31.6838076], [34.5560902, 31.6838793], [34.5561589, 31.6839216], [34.556219, 31.6839319], [34.5563101, 31.6839143], [34.556372, 31.6838918], [34.5571712, 31.6838109], [34.557479, 31.6837103], [34.5580366, 31.6834565], [34.5579148, 31.6833331], [34.5577884, 31.683438], [34.5575605, 31.6835455], [34.5573263, 31.683653], [34.5571383, 31.6837028], [34.5568456, 31.683729], [34.5565935, 31.6837299]]}}, {"type": "Feature", "properties": {"osm_id": 417254907, "tags": {"area": "yes", "man_made": "breakwater"}}, "geometry": {"type": "LineString", "coordinates": [[34.5617935, 31.6888855], [34.5618895, 31.6888597], [34.5619445, 31.6887794], [34.5618506, 31.6886211], [34.5616704, 31.688415], [34.5615766, 31.6882869], [34.5615732, 31.6882822], [34.5615289, 31.6882218], [34.5615266, 31.6882186], [34.5614283, 31.6880843], [34.5612992, 31.6879208], [34.5611524, 31.6879032], [34.5610696, 31.6879521], [34.5610539, 31.6880755], [34.5611664, 31.6881868], [34.561527, 31.6886135], [34.5616642, 31.6888437], [34.5617935, 31.6888855]]}}, {"type": "Feature", "properties": {"osm_id": 417254912, "tags": {"area": "yes", "man_made": "breakwater"}}, "geometry": {"type": "LineString", "coordinates": [[34.5603606, 31.6865418], [34.5602671, 31.6865557], [34.5603443, 31.6866975], [34.5606736, 31.6871161], [34.5607712, 31.6872649], [34.5608362, 31.687296], [34.5609013, 31.6872822], [34.5609094, 31.6872303], [34.5607834, 31.6871403], [34.5606574, 31.6869743], [34.560511, 31.6867736], [34.560385, 31.6866179], [34.5603606, 31.6865418]]}}, {"type": "Feature", "properties": {"osm_id": 417254916, "tags": {"area": "yes", "man_made": "breakwater"}}, "geometry": {"type": "LineString", "coordinates": [[34.5592426, 31.6851407], [34.5591857, 31.6851442], [34.5591328, 31.6851961], [34.5591735, 31.6853033], [34.5596939, 31.6858915], [34.5597223, 31.6859226], [34.5597752, 31.6859191], [34.5598199, 31.685888], [34.5598158, 31.6858465], [34.5597426, 31.6858153], [34.5592832, 31.6852653], [34.5592426, 31.6851407]]}}, {"type": "Feature", "properties": {"osm_id": 417258141, "tags": {"area": "yes", "man_made": "breakwater"}}, "geometry": {"type": "LineString", "coordinates": [[34.5503571, 31.6765738], [34.5502954, 31.6764846], [34.5502708, 31.6764165], [34.5502153, 31.6763116], [34.5501476, 31.6763483], [34.5500859, 31.6764112], [34.5501044, 31.6764846], [34.5502277, 31.6766315], [34.5504002, 31.6768255], [34.5505851, 31.6769828], [34.5506837, 31.6770248], [34.5507268, 31.6769828], [34.550733, 31.6769094], [34.5505419, 31.6767731], [34.5504248, 31.6766682], [34.5503571, 31.6765738]]}}, {"type": "Feature", "properties": {"osm_id": 417258146, "tags": {"area": "yes", "man_made": "breakwater"}}, "geometry": {"type": "LineString", "coordinates": [[34.5514138, 31.6781008], [34.5515766, 31.6780225], [34.5515412, 31.6779562], [34.5514704, 31.6779201], [34.551389, 31.6778297], [34.5513182, 31.6777093], [34.5512474, 31.6775948], [34.5511519, 31.6774713], [34.5510705, 31.677393], [34.5510174, 31.677387], [34.5509785, 31.6774502], [34.5509749, 31.6775075], [34.5512864, 31.6779201], [34.5513465, 31.6780075], [34.5513501, 31.6780466], [34.5514138, 31.6781008]]}}, {"type": "Feature", "properties": {"osm_id": 417258149, "tags": {"area": "yes", "man_made": "breakwater"}}, "geometry": {"type": "LineString", "coordinates": [[34.5519195, 31.6784636], [34.5518588, 31.6785113], [34.5518261, 31.6785829], [34.5519662, 31.6787776], [34.5521016, 31.6789405], [34.552195, 31.6790717], [34.5521997, 31.6791154], [34.5523118, 31.679171], [34.5524145, 31.6791154], [34.5524145, 31.6790558], [34.5523211, 31.679024], [34.5522651, 31.6789723], [34.5520129, 31.6786584], [34.5519429, 31.6785153], [34.5519195, 31.6784636]]}}, {"type": "Feature", "properties": {"osm_id": 417267874, "tags": {"area": "yes", "man_made": "breakwater"}}, "geometry": {"type": "LineString", "coordinates": [[34.7963647, 32.1682012], [34.796414, 32.1682429], [34.7964941, 32.1682534], [34.7965064, 32.1681908], [34.7963955, 32.1679143], [34.7962106, 32.1673562], [34.7961059, 32.167085], [34.7960627, 32.1669233], [34.7960011, 32.1668398], [34.7959487, 32.1668893], [34.795978, 32.1669976], [34.7961713, 32.1675212], [34.7963647, 32.1682012]]}}, {"type": "Feature", "properties": {"osm_id": 417267880, "tags": {"area": "yes", "man_made": "breakwater"}}, "geometry": {"type": "LineString", "coordinates": [[34.7968975, 32.169908], [34.79694, 32.1699229], [34.7970037, 32.169914], [34.7970143, 32.1698481], [34.7969683, 32.1697432], [34.7967949, 32.1693028], [34.7966922, 32.1689613], [34.7966321, 32.1688115], [34.7965861, 32.1687636], [34.7965259, 32.1687785], [34.7965117, 32.1688504], [34.7965754, 32.1690062], [34.7967807, 32.1695065], [34.7968869, 32.1697911], [34.7968975, 32.169908]]}}, {"type": "Feature", "properties": {"osm_id": 417267884, "tags": {"area": "yes", "man_made": "breakwater"}}, "geometry": {"type": "LineString", "coordinates": [[34.7973109, 32.1712561], [34.7973286, 32.171313], [34.7973675, 32.171349], [34.7974206, 32.171307], [34.7971941, 32.1707378], [34.7971269, 32.1705761], [34.7970596, 32.1705761], [34.797049, 32.170612], [34.7970738, 32.1706959], [34.7973109, 32.1712561]]}}, {"type": "Feature", "properties": {"osm_id": 417271408, "tags": {"man_made": "pier"}}, "geometry": {"type": "LineString", "coordinates": [[34.9964419, 32.8287544], [34.9962213, 32.8283218]]}}, {"type": "Feature", "properties": {"osm_id": 417321054, "tags": {"man_made": "pier", "natural": "coastline", "source": "PGS"}}, "geometry": {"type": "LineString", "coordinates": [[35.0006435, 32.8218586], [34.9992025, 32.8233904], [34.9914889, 32.8260865], [34.9919413, 32.8271002], [34.9921172, 32.8270356], [34.9921048, 32.8269768], [34.992184, 32.8269818], [34.9923002, 32.82722], [34.9941009, 32.8266366], [34.9941765, 32.8267739], [34.9921535, 32.8274442], [34.9923653, 32.8279168], [34.9914718, 32.8282349], [34.9914435, 32.8281844], [34.9908111, 32.8284073], [34.9906044, 32.8286916], [34.9909578, 32.8285644], [34.9909916, 32.8286149], [34.9905752, 32.828773], [34.9905799, 32.8287812], [34.9906348, 32.8288768], [34.990934, 32.8293977], [34.9920148, 32.8290047], [34.9920739, 32.8291265], [34.9905748, 32.8296629], [34.9906637, 32.8298356], [34.9914794, 32.8295506], [34.9916283, 32.8298302], [34.9914993, 32.8298681], [34.9916855, 32.8302516], [34.9924812, 32.8299614], [34.9939786, 32.8293426], [34.9941279, 32.8295814], [34.9943246, 32.8295132], [34.9943328, 32.8294696], [34.9945015, 32.8293232], [34.9943166, 32.8289465], [34.9943769, 32.8289192], [34.9945678, 32.8293118], [34.9947711, 32.8293205], [34.9949399, 32.8292704], [34.9950484, 32.8292069], [34.9950707, 32.8291146], [34.9948723, 32.8287259], [34.9949493, 32.8286975], [34.9951549, 32.8290982], [34.995334, 32.8290321], [34.9953748, 32.8290502], [34.9954106, 32.829128], [34.9958098, 32.8289834], [34.9964419, 32.8287544], [34.99686, 32.828591], [34.9967728, 32.8283926], [34.9972376, 32.8282587], [34.9967651, 32.8272742], [34.9969076, 32.8272224], [34.9973947, 32.8282035], [34.9980636, 32.8279341], [34.9980493, 32.8278401], [34.9982014, 32.8277748], [34.9977847, 32.8268925], [34.9979067, 32.8268448], [34.9983199, 32.8277585], [34.9988057, 32.8275338], [34.9983822, 32.8266754], [34.9985202, 32.8266249], [34.9989505, 32.8274911], [34.9998088, 32.8271799], [34.9993687, 32.8263016], [34.9995167, 32.8262534], [34.9999531, 32.827134], [35.0003913, 32.8269927], [35.0006768, 32.8272772], [35.0018773, 32.8268582], [35.0037481, 32.8261876], [35.0049574, 32.8257705], [35.0057676, 32.8255815], [35.0062984, 32.8254859], [35.0072238, 32.8254021], [35.0080698, 32.8253977], [35.0087414, 32.8254401], [35.0096493, 32.8254971], [35.0099999, 32.8255159], [35.0103222, 32.8255804], [35.01052, 32.8256769], [35.0123507, 32.8261102], [35.0145753, 32.8267073], [35.0160031, 32.8272718], [35.0162279, 32.8272961], [35.0164371, 32.8274576], [35.0166132, 32.8276749], [35.017816, 32.8292992], [35.018135, 32.8298209], [35.0184032, 32.8303448], [35.0186484, 32.8310754], [35.0187943, 32.831698], [35.0189488, 32.8327784], [35.0192932, 32.8348047], [35.0192725, 32.8349326], [35.0192125, 32.8350086], [35.0191346, 32.8350312], [35.0190272, 32.8350263], [35.0189139, 32.8349681], [35.0188638, 32.8348984], [35.0184296, 32.8321855], [35.0182488, 32.8312257], [35.0180379, 32.8305678], [35.0177348, 32.8299275], [35.0172721, 32.8292412], [35.0167961, 32.8286251], [35.0160765, 32.8277015], [35.0157743, 32.827474], [35.0154195, 32.8273143], [35.0153078, 32.8272276], [35.0145585, 32.8269252], [35.0126689, 32.8264197], [35.0104887, 32.8258687], [35.0102849, 32.8258921], [35.0099464, 32.825823], [35.0097655, 32.8257387], [35.0095405, 32.8256051], [35.008105, 32.8255386], [35.0072156, 32.8255448], [35.0062504, 32.8256421], [35.0050888, 32.825895], [35.0037606, 32.8263407], [35.001909, 32.8269892], [35.0007434, 32.8274023], [34.9987139, 32.8281513], [34.9977909, 32.8285252], [34.9982346, 32.8302416], [34.9986117, 32.8315479], [34.9987034, 32.831659], [34.9987483, 32.831771], [34.9987309, 32.8318623], [34.99866, 32.8319243], [34.9985646, 32.8319435], [34.9984711, 32.8319388], [34.9983907, 32.8318724], [34.9983659, 32.831791], [34.9983791, 32.8317285], [34.998421, 32.8316778], [34.9980188, 32.8303117], [34.9971617, 32.8306162], [34.9966594, 32.8298019], [34.9960871, 32.8300082], [34.9960721, 32.8300461], [34.9964778, 32.8308609], [34.9962238, 32.8309502], [34.9958179, 32.8301354], [34.9957068, 32.8301734], [34.9961131, 32.8309882], [34.9958591, 32.8310776], [34.9954528, 32.8302627], [34.9954038, 32.8302455], [34.995353, 32.8302631], [34.9953389, 32.8303025], [34.9957433, 32.8311171], [34.9954898, 32.831206], [34.9950817, 32.8303877], [34.9950351, 32.8303735], [34.9949878, 32.8303899], [34.9949732, 32.8304301], [34.9953795, 32.8312447], [34.9951256, 32.8313337], [34.994717, 32.8305149], [34.9946697, 32.8305004], [34.9946245, 32.8305161], [34.9946101, 32.8305566], [34.9950171, 32.8313718], [34.9949381, 32.8313994], [34.9945309, 32.8305794], [34.9944823, 32.8305655], [34.9936624, 32.8308615], [34.9936765, 32.8309755], [34.9936434, 32.8310225], [34.9935962, 32.8310528], [34.992157, 32.8316196], [34.9919858, 32.8317322], [34.9921181, 32.8318869], [34.9920642, 32.8325017], [34.9919575, 32.8325285], [34.9919884, 32.8327159], [34.9924841, 32.8327343], [34.9966734, 32.8331935], [34.9978857, 32.8332435], [34.9994222, 32.8332391], [34.9998609, 32.8331892], [35.0000359, 32.833224], [35.0001169, 32.8332778], [35.0001652, 32.8333586], [35.0001801, 32.8334345], [35.0001491, 32.8335235], [35.0001137, 32.8335929], [35.0000529, 32.8336454], [34.9999803, 32.8336716], [34.9998932, 32.8336804], [34.9997872, 32.8336646], [34.9996261, 32.8335911], [34.9994788, 32.8335198], [34.9992578, 32.8335163], [34.9987722, 32.8335101], [34.9974859, 32.8335114], [34.9961648, 32.8334353], [34.9953262, 32.8333388], [34.9945001, 32.833244], [34.993471, 32.8331447], [34.9923814, 32.8330035], [34.9921245, 32.833008], [34.9918623, 32.8330261], [34.9916109, 32.8330813], [34.990985, 32.833304], [34.9908159, 32.8333105], [34.9907191, 32.8332669], [34.9906393, 32.833173], [34.9906091, 32.8330407], [34.990654, 32.8329167], [34.9907658, 32.83283], [34.9909402, 32.8327921]]}}, {"type": "Feature", "properties": {"osm_id": 420693548, "tags": {"area": "yes", "man_made": "breakwater"}}, "geometry": {"type": "LineString", "coordinates": [[34.5546336, 31.680018], [34.5540298, 31.6804063], [34.553852, 31.6806832], [34.5537264, 31.6809155], [34.5536339, 31.6811999], [34.5536105, 31.6814597], [34.5536272, 31.6817194], [34.5536949, 31.6819716], [34.5559023, 31.6851601], [34.5559956, 31.6852335], [34.5560895, 31.6852449], [34.55617, 31.6852277], [34.5562103, 31.6851707], [34.5562237, 31.6850993], [34.5561499, 31.6850422], [34.5560861, 31.684988], [34.554005, 31.681948], [34.5539023, 31.6816909], [34.5538654, 31.6814568], [34.5538923, 31.6812341], [34.5539728, 31.6809401], [34.5541774, 31.6806118], [34.5547666, 31.6801614], [34.5546336, 31.680018]]}}, {"type": "Feature", "properties": {"osm_id": 420693549, "tags": {"area": "yes", "man_made": "breakwater"}}, "geometry": {"type": "LineString", "coordinates": [[34.5178243, 31.6364561], [34.5172509, 31.6367625], [34.517103, 31.636783], [34.517001, 31.6368221], [34.5169251, 31.6369157], [34.5168911, 31.6370247], [34.5169282, 31.6371361], [34.5179987, 31.6383625], [34.5183125, 31.638897], [34.5196171, 31.6405507], [34.5197616, 31.6406312], [34.5198942, 31.6406382], [34.5200348, 31.6406036], [34.5200941, 31.6405345], [34.5201254, 31.6404281], [34.5201126, 31.6403262], [34.5200348, 31.6402499], [34.5198474, 31.6401568], [34.5196349, 31.6399654], [34.5187259, 31.6387765], [34.5185425, 31.6384766], [34.5181323, 31.6380855], [34.5181094, 31.638036], [34.518111, 31.6379844], [34.5181363, 31.6379403], [34.5185603, 31.6376888], [34.5186224, 31.6376669], [34.5186787, 31.6376686], [34.5187268, 31.6376948], [34.5188134, 31.6377978], [34.5188536, 31.6378114], [34.5188873, 31.6378087], [34.5189172, 31.6377915], [34.5189305, 31.6377601], [34.5189162, 31.6377204], [34.5189504, 31.6376944], [34.5189024, 31.6376348], [34.5188744, 31.6376569], [34.5185646, 31.6372876], [34.5185252, 31.6372738], [34.5184806, 31.6372774], [34.5184446, 31.6373199], [34.5184386, 31.6373587], [34.5185057, 31.6374577], [34.5185139, 31.6374987], [34.5185108, 31.6375344], [34.518475, 31.6375754], [34.518042, 31.637849], [34.5179923, 31.6378548], [34.5179464, 31.6378492], [34.5178973, 31.6378269], [34.517371, 31.6371517], [34.5173493, 31.6370884], [34.5173749, 31.6370076], [34.5177807, 31.6367591], [34.5179307, 31.6367438], [34.5180646, 31.6367693], [34.5178243, 31.6364561]]}}, {"type": "Feature", "properties": {"osm_id": 420693550, "tags": {"area": "yes", "man_made": "breakwater"}}, "geometry": {"type": "LineString", "coordinates": [[34.5218238, 31.6366476], [34.5215154, 31.6368425], [34.5211655, 31.6371455], [34.5209016, 31.6374774], [34.5209076, 31.637538], [34.5209616, 31.6375966], [34.5210315, 31.6376306], [34.5211215, 31.6376204], [34.5212449, 31.6375054], [34.5212694, 31.6374093], [34.5213534, 31.63728], [34.5215553, 31.6370774], [34.5218252, 31.6368987], [34.5219523, 31.6368346], [34.5218238, 31.6366476]]}}, {"type": "Feature", "properties": {"osm_id": 420693551, "tags": {"area": "yes", "man_made": "breakwater"}}, "geometry": {"type": "LineString", "coordinates": [[34.5213092, 31.6387516], [34.5212145, 31.6384577], [34.5211725, 31.6383981], [34.5210806, 31.638376], [34.5210046, 31.6383828], [34.5209186, 31.6384407], [34.5208951, 31.6385187], [34.5211994, 31.6395526], [34.5212565, 31.6396339], [34.5213345, 31.6396594], [34.5214204, 31.6396679], [34.5215104, 31.6396526], [34.5215964, 31.639593], [34.5216144, 31.6395215], [34.5216073, 31.6394552], [34.5215724, 31.6393939], [34.5214728, 31.6393157], [34.5214864, 31.6392679], [34.5223221, 31.6388288], [34.5225, 31.6387947], [34.5226599, 31.6387506], [34.5232267, 31.638489], [34.5235162, 31.6382733], [34.5231416, 31.6383593], [34.5227797, 31.6385277], [34.5225229, 31.6386352], [34.5222957, 31.6386997], [34.5221399, 31.6387463], [34.5220558, 31.638843], [34.5217948, 31.6389505], [34.521496, 31.639058], [34.5214076, 31.6389111], [34.5213092, 31.6387516]]}}, {"type": "Feature", "properties": {"osm_id": 441398142, "tags": {"man_made": "pier"}}, "geometry": {"type": "LineString", "coordinates": [[34.9453839, 32.1972625], [34.9454096, 32.1973719]]}}, {"type": "Feature", "properties": {"osm_id": 441398143, "tags": {"man_made": "pier"}}, "geometry": {"type": "LineString", "coordinates": [[34.9453578, 32.197381], [34.9454096, 32.1973719], [34.9454749, 32.1973604]]}}, {"type": "Feature", "properties": {"osm_id": 441398145, "tags": {"man_made": "pier"}}, "geometry": {"type": "LineString", "coordinates": [[34.9454116, 32.1976197], [34.9455416, 32.1975963]]}}, {"type": "Feature", "properties": {"osm_id": 657059434, "tags": {"man_made": "groyne"}}, "geometry": {"type": "LineString", "coordinates": [[34.7574962, 32.0582231], [34.7572007, 32.0583866]]}}, {"type": "Feature", "properties": {"osm_id": 742170587, "tags": {"access": "private", "bridge": "yes", "highway": "footway", "layer": "1", "man_made": "pier"}}, "geometry": {"type": "LineString", "coordinates": [[34.8637984, 32.4704347], [34.8636988, 32.470434], [34.8637009, 32.4705368], [34.8631054, 32.4705361]]}}, {"type": "Feature", "properties": {"osm_id": 866607937, "tags": {"man_made": "pier"}}, "geometry": {"type": "LineString", "coordinates": [[34.7457127, 31.9785591], [34.7460147, 31.9785073]]}}, {"type": "Feature", "properties": {"osm_id": 933166448, "tags": {"man_made": "pier", "name": "F-1"}}, "geometry": {"type": "LineString", "coordinates": [[34.62659, 31.795098], [34.6264965, 31.7952569]]}}, {"type": "Feature", "properties": {"osm_id": 933166449, "tags": {"man_made": "pier", "name": "F-4"}}, "geometry": {"type": "LineString", "coordinates": [[34.6268176, 31.7959273], [34.6265859, 31.7958651]]}}, {"type": "Feature", "properties": {"osm_id": 933166450, "tags": {"area": "yes", "man_made": "pier"}}, "geometry": {"type": "LineString", "coordinates": [[34.6269721, 31.7954712], [34.6270331, 31.7952742], [34.6268176, 31.7951844], [34.6267323, 31.7953364], [34.6267729, 31.7954055], [34.6269721, 31.7954712]]}}, {"type": "Feature", "properties": {"osm_id": 933315420, "tags": {"man_made": "pier"}}, "geometry": {"type": "LineString", "coordinates": [[34.6268176, 31.7951844], [34.62659, 31.795098]]}}, {"type": "Feature", "properties": {"osm_id": 956410035, "tags": {"area": "yes", "man_made": "breakwater"}}, "geometry": {"type": "LineString", "coordinates": [[34.9017137, 32.5377541], [34.9016453, 32.5377213], [34.9015434, 32.537632], [34.9014764, 32.5376173], [34.9013825, 32.5375744], [34.9013409, 32.5374941], [34.9012524, 32.5374794], [34.901235, 32.5374568], [34.901247, 32.5374229], [34.9012859, 32.5374059], [34.9013637, 32.5374229], [34.9013798, 32.5374681], [34.9014308, 32.5375371], [34.9015018, 32.5375698], [34.9015729, 32.5375845], [34.9016333, 32.5376196], [34.9016936, 32.5376829], [34.9017379, 32.5377089], [34.9017137, 32.5377541]]}}, {"type": "Feature", "properties": {"osm_id": 956410036, "tags": {"area": "yes", "man_made": "breakwater"}}, "geometry": {"type": "LineString", "coordinates": [[34.901937, 32.5363075], [34.9015541, 32.536316], [34.9014536, 32.5363228], [34.9013892, 32.5363454], [34.9012631, 32.5363951], [34.9011786, 32.536437], [34.9011236, 32.5365138], [34.9011035, 32.5366292], [34.9010901, 32.5368406], [34.9010888, 32.5369955], [34.9011263, 32.5370599], [34.9012068, 32.5371187], [34.9012393, 32.5371501], [34.9012477, 32.5371721], [34.901238, 32.5371979], [34.9012225, 32.5372128], [34.9011937, 32.5372151], [34.9011548, 32.5372038], [34.9011267, 32.5371719], [34.9010408, 32.5370792], [34.9010157, 32.5370028], [34.9009942, 32.5368361], [34.9010117, 32.5366083], [34.9010298, 32.5365031], [34.9010599, 32.5364556], [34.9011089, 32.5364008], [34.9011833, 32.5363556], [34.901298, 32.536312], [34.9013966, 32.5362849], [34.9014556, 32.5362747], [34.9015548, 32.5362595], [34.9019357, 32.5362504], [34.901937, 32.5363075]]}}, {"type": "Feature", "properties": {"osm_id": 977400535, "tags": {"floating": "yes", "man_made": "pier"}}, "geometry": {"type": "LineString", "coordinates": [[34.7924909, 32.1587303], [34.7929856, 32.1586107]]}}, {"type": "Feature", "properties": {"osm_id": 977400552, "tags": {"floating": "yes", "man_made": "pier"}}, "geometry": {"type": "LineString", "coordinates": [[34.7941958, 32.1644834], [34.7938551, 32.1644187], [34.7938082, 32.1644184], [34.7933468, 32.1645049]]}}, {"type": "Feature", "properties": {"osm_id": 977400553, "tags": {"floating": "yes", "man_made": "pier"}}, "geometry": {"type": "LineString", "coordinates": [[34.7943387, 32.1643454], [34.7941512, 32.1642518]]}}, {"type": "Feature", "properties": {"osm_id": 1013395353, "tags": {"area": "yes", "man_made": "pier"}}, "geometry": {"type": "LineString", "coordinates": [[34.9954528, 32.8302627], [34.9958591, 32.8310776], [34.9961131, 32.8309882], [34.9957068, 32.8301734], [34.9954528, 32.8302627]]}}, {"type": "Feature", "properties": {"osm_id": 1013395354, "tags": {"area": "yes", "man_made": "pier"}}, "geometry": {"type": "LineString", "coordinates": [[34.9958179, 32.8301354], [34.9962238, 32.8309502], [34.9964778, 32.8308609], [34.9960721, 32.8300461], [34.9958179, 32.8301354]]}}, {"type": "Feature", "properties": {"osm_id": 1013395355, "tags": {"area": "yes", "man_made": "pier"}}, "geometry": {"type": "LineString", "coordinates": [[34.9944823, 32.8305655], [34.9945309, 32.8305794], [34.9949381, 32.8313994], [34.9950171, 32.8313718], [34.9946101, 32.8305566], [34.9946245, 32.8305161], [34.9945185, 32.8305544], [34.9944823, 32.8305655]]}}, {"type": "Feature", "properties": {"osm_id": 1013395356, "tags": {"area": "yes", "man_made": "pier"}}, "geometry": {"type": "LineString", "coordinates": [[34.9951256, 32.8313337], [34.994717, 32.8305149], [34.9946697, 32.8305004], [34.9949878, 32.8303899], [34.9949732, 32.8304301], [34.9953795, 32.8312447], [34.9951256, 32.8313337]]}}, {"type": "Feature", "properties": {"osm_id": 1013395357, "tags": {"area": "yes", "man_made": "pier"}}, "geometry": {"type": "LineString", "coordinates": [[34.9954898, 32.831206], [34.9950817, 32.8303877], [34.9950351, 32.8303735], [34.9953238, 32.8302721], [34.995353, 32.8302631], [34.9953389, 32.8303025], [34.9957433, 32.8311171], [34.9954898, 32.831206]]}}, {"type": "Feature", "properties": {"osm_id": 1014166694, "tags": {"man_made": "pier"}}, "geometry": {"type": "LineString", "coordinates": [[34.9974772, 32.8331285], [34.9975471, 32.8331286], [34.9976328, 32.8331259]]}}, {"type": "Feature", "properties": {"osm_id": 1014166695, "tags": {"man_made": "pier"}}, "geometry": {"type": "LineString", "coordinates": [[34.9975532, 32.8332717], [34.9975471, 32.8331286]]}}, {"type": "Feature", "properties": {"osm_id": 1020117325, "tags": {"area": "yes", "floating": "no", "man_made": "pier", "surface": "wood"}}, "geometry": {"type": "LineString", "coordinates": [[34.7682687, 32.0871338], [34.7682648, 32.0871112], [34.7682546, 32.087053], [34.7682245, 32.0870568], [34.767473, 32.0871511], [34.7674828, 32.0872067], [34.7674872, 32.0872321], [34.7682687, 32.0871338]]}}, {"type": "Feature", "properties": {"osm_id": 1020117327, "tags": {"man_made": "pier"}}, "geometry": {"type": "LineString", "coordinates": [[34.7674017, 32.0871966], [34.7674663, 32.0871884], [34.7674586, 32.0871456]]}}, {"type": "Feature", "properties": {"osm_id": 1022123982, "tags": {"man_made": "pier", "name": "F", "name:en": "F"}}, "geometry": {"type": "LineString", "coordinates": [[34.7961842, 32.1623315], [34.7949129, 32.1616973]]}}, {"type": "Feature", "properties": {"osm_id": 1022123983, "tags": {"man_made": "pier", "name": "G", "name:en": "G"}}, "geometry": {"type": "LineString", "coordinates": [[34.7949129, 32.1616973], [34.7947184, 32.1611], [34.7944396, 32.1602139], [34.7944387, 32.1601874], [34.7944498, 32.1601594], [34.7944649, 32.160137], [34.7944819, 32.1601215], [34.7945121, 32.1601091], [34.79505, 32.1599925]]}}, {"type": "Feature", "properties": {"osm_id": 1022123984, "tags": {"man_made": "pier", "name": "H", "name:en": "H"}}, "geometry": {"type": "LineString", "coordinates": [[34.79505, 32.1599925], [34.7949065, 32.1595269], [34.7948624, 32.1594532], [34.7948013, 32.1593857], [34.7947602, 32.1593571], [34.7946151, 32.1592825], [34.7944943, 32.1592737], [34.794382, 32.1592792], [34.7938457, 32.1594036]]}}, {"type": "Feature", "properties": {"osm_id": 1022123985, "tags": {"man_made": "pier", "name": "I", "name:en": "I"}}, "geometry": {"type": "LineString", "coordinates": [[34.7938457, 32.1594036], [34.7945741, 32.1616958]]}}, {"type": "Feature", "properties": {"osm_id": 1022123986, "tags": {"man_made": "pier", "name": "J", "name:en": "J"}}, "geometry": {"type": "LineString", "coordinates": [[34.7937788, 32.1627584], [34.7938323, 32.1626896], [34.7944681, 32.1617471], [34.7945258, 32.1617761], [34.7945741, 32.1616958]]}}, {"type": "Feature", "properties": {"osm_id": 1022124890, "tags": {"man_made": "pier", "name": "Visitors", "name:en": "Visitors"}}, "geometry": {"type": "LineString", "coordinates": [[34.7943185, 32.1643753], [34.7943387, 32.1643454], [34.7946533, 32.16388], [34.7946687, 32.1638574]]}}, {"type": "Feature", "properties": {"osm_id": 1022124891, "tags": {"man_made": "pier"}}, "geometry": {"type": "LineString", "coordinates": [[34.7941862, 32.1645435], [34.7941958, 32.1644834], [34.79421, 32.1644041], [34.7944571, 32.1644946], [34.7944718, 32.1644659], [34.7944824, 32.1644451], [34.7943501, 32.1643889], [34.7943185, 32.1643753]]}}, {"type": "Feature", "properties": {"osm_id": 1044593067, "tags": {"man_made": "pier"}}, "geometry": {"type": "LineString", "coordinates": [[34.5550879, 31.6826378], [34.5551633, 31.6825931], [34.5552971, 31.6825138], [34.5556316, 31.6823155], [34.5556957, 31.6822775], [34.5560206, 31.6820849], [34.5560822, 31.6820484], [34.5564073, 31.6818556], [34.5564185, 31.681849], [34.5567982, 31.6816238]]}}, {"type": "Feature", "properties": {"osm_id": 1067688099, "tags": {"area": "yes", "man_made": "breakwater"}}, "geometry": {"type": "LineString", "coordinates": [[34.9776268, 32.8351881], [34.9775821, 32.8350577], [34.9776101, 32.8350989], [34.9776475, 32.835154], [34.9777161, 32.835459], [34.9777225, 32.8356072], [34.977759, 32.835818], [34.9778337, 32.8359613], [34.9779614, 32.8361676], [34.9780182, 32.836226], [34.9779952, 32.8362558], [34.9779569, 32.8362593], [34.9779175, 32.8362568], [34.9778711, 32.8362395], [34.9778242, 32.8361963], [34.9777835, 32.8361385], [34.9777468, 32.836069], [34.9776796, 32.8359579], [34.9776247, 32.8359124], [34.9775871, 32.8359077], [34.9775902, 32.8357661], [34.9776041, 32.8357059], [34.9776151, 32.8356431], [34.9775766, 32.8355059], [34.9775733, 32.8353958], [34.9775848, 32.8353064], [34.9775979, 32.8352637], [34.9776126, 32.835239], [34.9776268, 32.8351881]]}}, {"type": "Feature", "properties": {"osm_id": 1067739473, "tags": {"area": "yes", "man_made": "breakwater"}}, "geometry": {"type": "LineString", "coordinates": [[34.9798306, 32.8356908], [34.97993, 32.8357561], [34.9799989, 32.8357997], [34.9796541, 32.8362589], [34.9796145, 32.8363038], [34.9795869, 32.8363287], [34.9795177, 32.8362988], [34.97949, 32.8362705], [34.9794821, 32.836234], [34.9798157, 32.8358475], [34.9798264, 32.835776], [34.9798306, 32.8356908]]}}, {"type": "Feature", "properties": {"osm_id": 1067892934, "tags": {"area": "yes", "man_made": "breakwater"}}, "geometry": {"type": "LineString", "coordinates": [[34.9881458, 32.8336507], [34.9882166, 32.8336125], [34.9884012, 32.8335284], [34.9888009, 32.8333863], [34.9888653, 32.8333515], [34.9888859, 32.8333356], [34.98888, 32.8333088], [34.9888492, 32.8332955], [34.9888014, 32.8332924], [34.9887552, 32.8333074], [34.9883558, 32.8334388], [34.988071, 32.8336155], [34.988074, 32.8336662], [34.9880905, 32.8336887], [34.9881458, 32.8336507]]}}, {"type": "Feature", "properties": {"osm_id": 1180288084, "tags": {"man_made": "pier"}}, "geometry": {"type": "LineString", "coordinates": [[34.7790351, 32.0957146], [34.7790688, 32.0958289]]}}, {"type": "Feature", "properties": {"osm_id": 1180288085, "tags": {"man_made": "pier"}}, "geometry": {"type": "LineString", "coordinates": [[34.7789479, 32.0958555], [34.7790688, 32.0958289], [34.7791544, 32.09581]]}}, {"type": "Feature", "properties": {"osm_id": 1181227504, "tags": {"man_made": "pier"}}, "geometry": {"type": "LineString", "coordinates": [[34.7774407, 32.0969633], [34.7776084, 32.0967145], [34.7775963, 32.0967066]]}}, {"type": "Feature", "properties": {"osm_id": 1181227508, "tags": {"man_made": "pier"}}, "geometry": {"type": "LineString", "coordinates": [[34.7778478, 32.0964208], [34.7776721, 32.0966458], [34.7776473, 32.0966305]]}}, {"type": "Feature", "properties": {"osm_id": 1181227523, "tags": {"floating": "yes", "man_made": "pier"}}, "geometry": {"type": "LineString", "coordinates": [[34.7788278, 32.0969386], [34.778959, 32.0969381]]}}, {"type": "Feature", "properties": {"osm_id": 1181227524, "tags": {"man_made": "pier"}}, "geometry": {"type": "LineString", "coordinates": [[34.7787691, 32.0969897], [34.7789587, 32.0969892]]}}, {"type": "Feature", "properties": {"osm_id": 1181227525, "tags": {"man_made": "pier"}}, "geometry": {"type": "LineString", "coordinates": [[34.7787677, 32.0971], [34.7789594, 32.0971005]]}}, {"type": "Feature", "properties": {"osm_id": 1181227526, "tags": {"man_made": "pier"}}, "geometry": {"type": "LineString", "coordinates": [[34.7789579, 32.096877], [34.7787788, 32.096877]]}}, {"type": "Feature", "properties": {"osm_id": 1181227527, "tags": {"area": "yes", "man_made": "pier"}}, "geometry": {"type": "LineString", "coordinates": [[34.7785009, 32.0968375], [34.7785293, 32.0968378], [34.77853, 32.0967794], [34.7785153, 32.0967793], [34.7785015, 32.0967792], [34.7785009, 32.0968375]]}}, {"type": "Feature", "properties": {"osm_id": 1181227528, "tags": {"man_made": "pier"}}, "geometry": {"type": "LineString", "coordinates": [[34.778516, 32.0968293], [34.7785153, 32.0967793]]}}, {"type": "Feature", "properties": {"osm_id": 1181231034, "tags": {"man_made": "pier"}}, "geometry": {"type": "LineString", "coordinates": [[34.7797201, 32.0956463], [34.7797213, 32.0957619]]}}, {"type": "Feature", "properties": {"osm_id": 1181231035, "tags": {"man_made": "pier"}}, "geometry": {"type": "LineString", "coordinates": [[34.7796425, 32.0957627], [34.7797213, 32.0957619], [34.7799661, 32.0957647], [34.7799668, 32.095772], [34.7799825, 32.0957723], [34.7799825, 32.0958158]]}}, {"type": "Feature", "properties": {"osm_id": 1181231036, "tags": {"man_made": "pier"}}, "geometry": {"type": "LineString", "coordinates": [[34.779606, 32.0956664], [34.7799674, 32.095684], [34.7799674, 32.0956738], [34.7800506, 32.0956777], [34.7800506, 32.0956971], [34.7802383, 32.0957005]]}}, {"type": "Feature", "properties": {"osm_id": 1181509473, "tags": {"area": "yes", "man_made": "breakwater", "material": "concrete", "seamark:type": "shoreline_construction"}}, "geometry": {"type": "LineString", "coordinates": [[34.7771047, 32.1028908], [34.7771534, 32.1028142], [34.7771125, 32.1027917], [34.7770921, 32.1028277], [34.7770926, 32.1028608], [34.7771047, 32.1028908]]}}, {"type": "Feature", "properties": {"osm_id": 1181509474, "tags": {"area": "yes", "man_made": "breakwater", "material": "concrete", "seamark:type": "shoreline_construction"}}, "geometry": {"type": "LineString", "coordinates": [[34.7772138, 32.1027261], [34.7771775, 32.1026987], [34.7772744, 32.1025681], [34.777294, 32.1025658], [34.7772946, 32.1025515], [34.7773381, 32.1025158], [34.7773739, 32.1025034], [34.7774009, 32.102501], [34.7774286, 32.1024754], [34.7774237, 32.1024439], [34.7774004, 32.1023774], [34.7773613, 32.1022814], [34.7773472, 32.1022017], [34.7773414, 32.1021415], [34.777347, 32.1021155], [34.777361, 32.102088], [34.7773708, 32.1020734], [34.7773987, 32.10206], [34.7774268, 32.10205], [34.777451, 32.1020495], [34.7774828, 32.1020536], [34.7774849, 32.102068], [34.7774115, 32.1021067], [34.7773975, 32.1021711], [34.7773985, 32.1022234], [34.7774393, 32.1023673], [34.777447, 32.1024296], [34.7774451, 32.1024775], [34.7774025, 32.102515], [34.7773797, 32.1025295], [34.7773397, 32.1025587], [34.7772138, 32.1027261]]}}, {"type": "Feature", "properties": {"osm_id": 1181875176, "tags": {"area": "yes", "man_made": "breakwater", "material": "concrete", "seamark:type": "shoreline_construction"}}, "geometry": {"type": "LineString", "coordinates": [[34.7771095, 32.1030532], [34.7770385, 32.1030583], [34.7770242, 32.1030648], [34.7770178, 32.1030742], [34.7769172, 32.1033278], [34.776912, 32.1035077], [34.7761949, 32.1043279], [34.7759918, 32.1045546], [34.7759774, 32.1045458], [34.7760478, 32.104465], [34.7768752, 32.1035156], [34.7768835, 32.103329], [34.7769092, 32.1032476], [34.7769492, 32.1031265], [34.776994, 32.103052], [34.7770426, 32.1030481], [34.7771095, 32.1030532]]}}, {"type": "Feature", "properties": {"osm_id": 1181875887, "tags": {"area": "yes", "man_made": "breakwater"}}, "geometry": {"type": "LineString", "coordinates": [[34.7762761, 32.1058545], [34.7759064, 32.1059394], [34.77587, 32.1059291], [34.7758475, 32.105915], [34.7758371, 32.1058948], [34.775836, 32.1058643], [34.7758375, 32.1058417], [34.7758586, 32.1058243], [34.7761649, 32.1057178], [34.7762123, 32.1057053], [34.7762291, 32.1057028], [34.7762761, 32.1058545]]}}, {"type": "Feature", "properties": {"osm_id": 1181998418, "tags": {"area": "yes", "man_made": "breakwater"}}, "geometry": {"type": "LineString", "coordinates": [[34.7728193, 32.0988169], [34.7728034, 32.0987978], [34.7727994, 32.0987905], [34.7723566, 32.098895], [34.7723233, 32.0989222], [34.7723345, 32.0989509], [34.7723817, 32.098942], [34.7728193, 32.0988169]]}}, {"type": "Feature", "properties": {"osm_id": 1181998419, "tags": {"area": "yes", "man_made": "breakwater"}}, "geometry": {"type": "LineString", "coordinates": [[34.7718826, 32.0986423], [34.7726121, 32.0984326], [34.7726291, 32.0984246], [34.7726461, 32.0984166], [34.7726621, 32.0984076], [34.7726781, 32.0983976], [34.7726931, 32.0983866], [34.7727071, 32.0983756], [34.7727211, 32.0983636], [34.7727341, 32.0983516], [34.7727471, 32.0983386], [34.7727581, 32.0983256], [34.7727691, 32.0983106], [34.7727781, 32.0982966], [34.7727871, 32.0982816], [34.772794, 32.0982672], [34.7727981, 32.0982536], [34.772805, 32.0982376], [34.7728081, 32.0982196], [34.7728149, 32.0982001], [34.7727731, 32.0981988], [34.7727642, 32.0982433], [34.772742, 32.0982759], [34.7727163, 32.098312], [34.7726763, 32.0983481], [34.7726271, 32.098377], [34.772574, 32.0983994], [34.7718685, 32.0986055], [34.7718826, 32.0986423]]}}, {"type": "Feature", "properties": {"osm_id": 1182352232, "tags": {"man_made": "breakwater"}}, "geometry": {"type": "LineString", "coordinates": [[34.777354, 32.109097], [34.7774052, 32.1091105], [34.7774918, 32.109107], [34.7775727, 32.109065], [34.777625, 32.109051], [34.7776858, 32.1090388]]}}, {"type": "Feature", "properties": {"osm_id": 1182352237, "tags": {"area": "yes", "man_made": "breakwater", "material": "rock", "seamark:type": "shoreline_construction"}}, "geometry": {"type": "LineString", "coordinates": [[34.7765018, 32.1064225], [34.7764966, 32.106407], [34.7764872, 32.1063826], [34.7766046, 32.1063472], [34.7766828, 32.1063431], [34.7767817, 32.1063378], [34.7769154, 32.1063499], [34.7770267, 32.1063788], [34.7772557, 32.1065047], [34.7774245, 32.1065976], [34.7775285, 32.106632], [34.7775796, 32.1066356], [34.7776443, 32.1066477], [34.7775213, 32.1066732], [34.7773054, 32.1065937], [34.7771163, 32.1064948], [34.7769607, 32.1064204], [34.7767973, 32.1063842], [34.7766579, 32.1063927], [34.7765018, 32.1064225]]}}, {"type": "Feature", "properties": {"osm_id": 1182368442, "tags": {"man_made": "breakwater"}}, "geometry": {"type": "LineString", "coordinates": [[34.7762291, 32.1057028], [34.7762761, 32.1058545], [34.7762939, 32.1058956], [34.776328, 32.1059036], [34.7764484, 32.1058852], [34.7765144, 32.105854], [34.7766039, 32.1057927], [34.7766479, 32.1057365], [34.7767015, 32.1056661], [34.7767438, 32.1055792], [34.7767538, 32.1055256], [34.7767427, 32.1054566], [34.7767169, 32.1053013], [34.7767143, 32.1052853], [34.7767229, 32.1052577], [34.7767634, 32.105181], [34.77682, 32.105108], [34.7768838, 32.1050403], [34.7769879, 32.1049827], [34.7770392, 32.1049644], [34.7770753, 32.1049622]]}}, {"type": "Feature", "properties": {"osm_id": 1184646014, "tags": {"area": "yes", "man_made": "pier"}}, "geometry": {"type": "LineString", "coordinates": [[34.8103637, 32.0988297], [34.8104596, 32.0988319], [34.8104617, 32.098766], [34.8103658, 32.0987638], [34.8103637, 32.0988297]]}}, {"type": "Feature", "properties": {"osm_id": 1213064122, "tags": {"man_made": "pier"}}, "geometry": {"type": "LineString", "coordinates": [[35.0233832, 32.8142766], [35.0232872, 32.8144654], [35.0233972, 32.8145244]]}}, {"type": "Feature", "properties": {"osm_id": 1213064123, "tags": {"man_made": "pier"}}, "geometry": {"type": "LineString", "coordinates": [[35.0238913, 32.8141701], [35.0238049, 32.8143241], [35.0237843, 32.8144498]]}}, {"type": "Feature", "properties": {"osm_id": 1213064124, "tags": {"man_made": "pier"}}, "geometry": {"type": "LineString", "coordinates": [[35.0243169, 32.8142183], [35.0241873, 32.8144928]]}}, {"type": "Feature", "properties": {"osm_id": 1213064125, "tags": {"man_made": "pier"}}, "geometry": {"type": "LineString", "coordinates": [[35.0244949, 32.8142706], [35.0244218, 32.8144315], [35.024382, 32.8145193]]}}, {"type": "Feature", "properties": {"osm_id": 1213064126, "tags": {"man_made": "pier"}}, "geometry": {"type": "LineString", "coordinates": [[35.0244218, 32.8144315], [35.0244744, 32.8144485], [35.0244351, 32.8145367]]}}, {"type": "Feature", "properties": {"osm_id": 1213064192, "tags": {"area": "yes", "floating": "yes", "man_made": "pier"}}, "geometry": {"type": "LineString", "coordinates": [[35.0279682, 32.8089608], [35.0282096, 32.8089657], [35.0282147, 32.8087868], [35.0281524, 32.8085414], [35.028131, 32.8084936], [35.0280303, 32.8083603], [35.0278468, 32.8084909], [35.0279164, 32.8086133], [35.0279707, 32.8088322], [35.0279682, 32.8089608]]}}, {"type": "Feature", "properties": {"osm_id": 1213083237, "tags": {"floating": "yes", "man_made": "pier"}}, "geometry": {"type": "LineString", "coordinates": [[35.0303946, 32.8066546], [35.0303271, 32.8064506]]}}, {"type": "Feature", "properties": {"osm_id": 1213083238, "tags": {"floating": "yes", "man_made": "pier"}}, "geometry": {"type": "LineString", "coordinates": [[35.0308851, 32.806546], [35.0308149, 32.8063203]]}}, {"type": "Feature", "properties": {"osm_id": 1213083239, "tags": {"floating": "yes", "man_made": "pier"}}, "geometry": {"type": "LineString", "coordinates": [[35.0312094, 32.8064742], [35.0311269, 32.8061809]]}}, {"type": "Feature", "properties": {"osm_id": 1213083240, "tags": {"man_made": "pier"}}, "geometry": {"type": "LineString", "coordinates": [[35.0298132, 32.8047552], [35.0300654, 32.8047032], [35.0301773, 32.8046801], [35.0304997, 32.8046079], [35.0307363, 32.8045549], [35.0310586, 32.8044834], [35.0313056, 32.8044286]]}}, {"type": "Feature", "properties": {"osm_id": 1213083241, "tags": {"man_made": "pier"}}, "geometry": {"type": "LineString", "coordinates": [[35.0300654, 32.8047032], [35.0300486, 32.8046437]]}}, {"type": "Feature", "properties": {"osm_id": 1213083242, "tags": {"man_made": "pier"}}, "geometry": {"type": "LineString", "coordinates": [[35.0304997, 32.8046079], [35.0304822, 32.8045473]]}}, {"type": "Feature", "properties": {"osm_id": 1213083243, "tags": {"man_made": "pier"}}, "geometry": {"type": "LineString", "coordinates": [[35.0310586, 32.8044834], [35.0310424, 32.8044226]]}}, {"type": "Feature", "properties": {"osm_id": 1213083245, "tags": {"man_made": "pier"}}, "geometry": {"type": "LineString", "coordinates": [[35.0286495, 32.8060147], [35.0287868, 32.805986], [35.0289085, 32.8059605], [35.0292883, 32.805881], [35.0293207, 32.8058742], [35.0296145, 32.8058127], [35.0298588, 32.8057616], [35.0298764, 32.8057579]]}}, {"type": "Feature", "properties": {"osm_id": 1213083246, "tags": {"man_made": "pier"}}, "geometry": {"type": "LineString", "coordinates": [[35.0296145, 32.8058127], [35.0296181, 32.8056192], [35.0296271, 32.8051353], [35.0296312, 32.8049166]]}}, {"type": "Feature", "properties": {"osm_id": 1213083247, "tags": {"man_made": "pier"}}, "geometry": {"type": "LineString", "coordinates": [[35.0288942, 32.8059039], [35.0289085, 32.8059605]]}}, {"type": "Feature", "properties": {"osm_id": 1213083248, "tags": {"man_made": "pier"}}, "geometry": {"type": "LineString", "coordinates": [[35.0292727, 32.8058232], [35.0292883, 32.805881]]}}, {"type": "Feature", "properties": {"osm_id": 1213083249, "tags": {"man_made": "pier"}}, "geometry": {"type": "LineString", "coordinates": [[35.0295439, 32.8056185], [35.0296181, 32.8056192]]}}, {"type": "Feature", "properties": {"osm_id": 1213083250, "tags": {"man_made": "pier"}}, "geometry": {"type": "LineString", "coordinates": [[35.0295513, 32.8051343], [35.0296271, 32.8051353]]}}, {"type": "Feature", "properties": {"osm_id": 1213083251, "tags": {"floating": "yes", "man_made": "pier"}}, "geometry": {"type": "LineString", "coordinates": [[35.0298588, 32.8057616], [35.0299987, 32.8062929]]}}, {"type": "Feature", "properties": {"osm_id": 1213083252, "tags": {"floating": "yes", "man_made": "pier"}}, "geometry": {"type": "LineString", "coordinates": [[35.0293207, 32.8058742], [35.0294658, 32.8064019]]}}, {"type": "Feature", "properties": {"osm_id": 1213083253, "tags": {"floating": "yes", "man_made": "pier"}}, "geometry": {"type": "LineString", "coordinates": [[35.0287868, 32.805986], [35.0288713, 32.8063099]]}}, {"type": "Feature", "properties": {"osm_id": 1343260645, "tags": {"area": "yes", "man_made": "breakwater"}}, "geometry": {"type": "LineString", "coordinates": [[34.6557824, 31.8447581], [34.6556419, 31.8443074]]}}, {"type": "Feature", "properties": {"osm_id": 1528397202, "tags": {"man_made": "groyne"}}, "geometry": {"type": "LineString", "coordinates": [[34.8452494, 32.3251798], [34.8452433, 32.3253309], [34.8453283, 32.3253638], [34.8454007, 32.3253333], [34.8453994, 32.3252532], [34.8453217, 32.3251696], [34.8450687, 32.3242222], [34.8450683, 32.3241553], [34.8450234, 32.3241004], [34.8449416, 32.3241505], [34.8449817, 32.3242694], [34.8450633, 32.3245449], [34.8452494, 32.3251798]]}}, {"type": "Feature", "properties": {"osm_id": 1528397203, "tags": {"area": "yes", "man_made": "groyne"}}, "geometry": {"type": "LineString", "coordinates": [[34.8446931, 32.3232868], [34.8447891, 32.3232868], [34.8448659, 32.323173], [34.8447985, 32.3230793], [34.8445437, 32.3222617], [34.8445424, 32.322104], [34.8443826, 32.32212], [34.8444256, 32.3222456], [34.8446701, 32.3232035], [34.8446931, 32.3232868]]}}, {"type": "Feature", "properties": {"osm_id": 1528397204, "tags": {"area": "yes", "man_made": "groyne"}}, "geometry": {"type": "LineString", "coordinates": [[34.8441709, 32.3212248], [34.8442576, 32.3211412], [34.8440825, 32.3205176], [34.8439543, 32.32021], [34.8439828, 32.3200465], [34.8438169, 32.3200182], [34.8438475, 32.3203161], [34.8440759, 32.3209473], [34.8441709, 32.3212248]]}}, {"type": "Feature", "properties": {"osm_id": 1528397205, "tags": {"area": "yes", "man_made": "groyne"}}, "geometry": {"type": "LineString", "coordinates": [[34.8428446, 32.3193132], [34.8430217, 32.3193059], [34.8430649, 32.3192069], [34.8429474, 32.3191435], [34.8428656, 32.3185913], [34.8428469, 32.3183995], [34.8428197, 32.3182854], [34.8427354, 32.3181554], [34.8425465, 32.3175343], [34.8425553, 32.3173961], [34.8424309, 32.3173769], [34.8423424, 32.3174364], [34.8424199, 32.3175958], [34.8428428, 32.3191732], [34.8428057, 32.3192559], [34.8428446, 32.3193132]]}}, {"type": "Feature", "properties": {"osm_id": 1528397206, "tags": {"area": "yes", "man_made": "groyne"}}, "geometry": {"type": "LineString", "coordinates": [[34.842774, 32.3165637], [34.8430142, 32.3165184], [34.8429779, 32.3163908], [34.8426777, 32.3154138], [34.8424878, 32.3154677], [34.8425559, 32.3156264], [34.8427781, 32.3163607], [34.842774, 32.3165637]]}}, {"type": "Feature", "properties": {"osm_id": 1528397207, "tags": {"area": "yes", "man_made": "groyne"}}, "geometry": {"type": "LineString", "coordinates": [[34.8422822, 32.3149141], [34.8425475, 32.3148477], [34.8421993, 32.3138827], [34.841993, 32.3139348], [34.8420887, 32.3140936], [34.8422975, 32.314754], [34.8422822, 32.3149141]]}}]}